jogador,rodada,numero,cor,resultado,saldo
1,1,25,Vermelho,Vitória,105
1,2,15,Preto,Derrota,100
1,3,24,Preto,Derrota,95
1,4,11,Preto,Derrota,90
1,5,25,Vermelho,Vitória,95
1,6,36,Vermelho,Vitória,100
1,7,33,Preto,Derrota,95
1,8,36,Vermelho,Vitória,100
1,9,9,Vermelho,Vitória,105
1,10,9,Vermelho,Vitória,110
1,11,8,Preto,Derrota,105
1,12,12,Vermelho,Vitória,110
1,13,27,Vermelho,Vitória,115
1,14,19,Vermelho,Vitória,120
1,15,2,Preto,Derrota,115
1,16,22,Preto,Derrota,110
1,17,9,Vermelho,Vitória,115
1,18,9,Vermelho,Vitória,120
1,19,27,Vermelho,Vitória,125
1,20,7,Vermelho,Vitória,130
1,21,27,Vermelho,Vitória,135
1,22,15,Preto,Derrota,130
1,23,25,Vermelho,Vitória,135
1,24,30,Vermelho,Vitória,140
1,25,2,Preto,Derrota,135
1,26,20,Preto,Derrota,130
1,27,15,Preto,Derrota,125
1,28,23,Vermelho,Vitória,130
1,29,33,Preto,Derrota,125
1,30,15,Preto,Derrota,120
1,31,20,Preto,Derrota,115
1,32,19,Vermelho,Vitória,120
1,33,15,Preto,Derrota,115
1,34,16,Vermelho,Vitória,120
1,35,27,Vermelho,Vitória,125
1,36,9,Vermelho,Vitória,130
1,37,9,Vermelho,Vitória,135
1,38,30,Vermelho,Vitória,140
1,39,5,Vermelho,Vitória,145
1,40,0,Verde,Derrota,140
1,41,27,Vermelho,Vitória,145
1,42,21,Vermelho,Vitória,150
1,43,21,Vermelho,Vitória,155
1,44,19,Vermelho,Vitória,160
1,45,15,Preto,Derrota,155
1,46,35,Preto,Derrota,150
1,47,3,Vermelho,Vitória,155
1,48,18,Vermelho,Vitória,160
1,49,26,Preto,Derrota,155
1,50,19,Vermelho,Vitória,160
1,51,8,Preto,Derrota,155
1,52,2,Preto,Derrota,150
1,53,32,Vermelho,Vitória,155
1,54,13,Preto,Derrota,150
1,55,6,Preto,Derrota,145
1,56,27,Vermelho,Vitória,150
1,57,11,Preto,Derrota,145
1,58,18,Vermelho,Vitória,150
1,59,10,Preto,Derrota,145
1,60,21,Vermelho,Vitória,150
1,61,33,Preto,Derrota,145
1,62,31,Preto,Derrota,140
1,63,3,Vermelho,Vitória,145
1,64,31,Preto,Derrota,140
1,65,32,Vermelho,Vitória,145
1,66,14,Vermelho,Vitória,150
1,67,8,Preto,Derrota,145
1,68,12,Vermelho,Vitória,150
1,69,36,Vermelho,Vitória,155
1,70,6,Preto,Derrota,150
1,71,33,Preto,Derrota,145
1,72,25,Vermelho,Vitória,150
1,73,33,Preto,Derrota,145
1,74,11,Preto,Derrota,140
1,75,6,Preto,Derrota,135
1,76,25,Vermelho,Vitória,140
1,77,12,Vermelho,Vitória,145
1,78,14,Vermelho,Vitória,150
1,79,36,Vermelho,Vitória,155
1,80,2,Preto,Derrota,150
1,81,6,Preto,Derrota,145
1,82,3,Vermelho,Vitória,150
1,83,18,Vermelho,Vitória,155
1,84,25,Vermelho,Vitória,160
1,85,26,Preto,Derrota,155
1,86,31,Preto,Derrota,150
1,87,31,Preto,Derrota,145
1,88,22,Preto,Derrota,140
1,89,10,Preto,Derrota,135
1,90,9,Vermelho,Vitória,140
1,91,23,Vermelho,Vitória,145
1,92,4,Preto,Derrota,140
1,93,5,Vermelho,Vitória,145
1,94,4,Preto,Derrota,140
1,95,24,Preto,Derrota,135
1,96,24,Preto,Derrota,130
1,97,5,Vermelho,Vitória,135
1,98,2,Preto,Derrota,130
1,99,27,Vermelho,Vitória,135
1,100,21,Vermelho,Vitória,140
1,101,24,Preto,Derrota,135
1,102,13,Preto,Derrota,130
1,103,22,Preto,Derrota,125
1,104,33,Preto,Derrota,120
1,105,27,Vermelho,Vitória,125
1,106,8,Preto,Derrota,120
1,107,19,Vermelho,Vitória,125
1,108,4,Preto,Derrota,120
1,109,35,Preto,Derrota,115
1,110,6,Preto,Derrota,110
1,111,6,Preto,Derrota,105
1,112,0,Verde,Derrota,100
1,113,15,Preto,Derrota,95
1,114,15,Preto,Derrota,90
1,115,9,Vermelho,Vitória,95
1,116,3,Vermelho,Vitória,100
1,117,36,Vermelho,Vitória,105
1,118,11,Preto,Derrota,100
1,119,27,Vermelho,Vitória,105
1,120,26,Preto,Derrota,100
1,121,1,Vermelho,Vitória,105
1,122,26,Preto,Derrota,100
1,123,26,Preto,Derrota,95
1,124,33,Preto,Derrota,90
1,125,26,Preto,Derrota,85
1,126,14,Vermelho,Vitória,90
1,127,5,Vermelho,Vitória,95
1,128,15,Preto,Derrota,90
1,129,23,Vermelho,Vitória,95
1,130,3,Vermelho,Vitória,100
1,131,29,Preto,Derrota,95
1,132,4,Preto,Derrota,90
1,133,30,Vermelho,Vitória,95
1,134,24,Preto,Derrota,90
1,135,20,Preto,Derrota,85
1,136,29,Preto,Derrota,80
1,137,4,Preto,Derrota,75
1,138,15,Preto,Derrota,70
1,139,23,Vermelho,Vitória,75
1,140,22,Preto,Derrota,70
1,141,23,Vermelho,Vitória,75
1,142,7,Vermelho,Vitória,80
1,143,8,Preto,Derrota,75
1,144,12,Vermelho,Vitória,80
1,145,33,Preto,Derrota,75
1,146,21,Vermelho,Vitória,80
1,147,31,Preto,Derrota,75
1,148,27,Vermelho,Vitória,80
1,149,32,Vermelho,Vitória,85
1,150,33,Preto,Derrota,80
1,151,5,Vermelho,Vitória,85
1,152,29,Preto,Derrota,80
1,153,4,Preto,Derrota,75
1,154,5,Vermelho,Vitória,80
1,155,21,Vermelho,Vitória,85
1,156,5,Vermelho,Vitória,90
1,157,3,Vermelho,Vitória,95
1,158,24,Preto,Derrota,90
1,159,23,Vermelho,Vitória,95
1,160,3,Vermelho,Vitória,100
1,161,25,Vermelho,Vitória,105
1,162,20,Preto,Derrota,100
1,163,1,Vermelho,Vitória,105
1,164,30,Vermelho,Vitória,110
1,165,30,Vermelho,Vitória,115
1,166,19,Vermelho,Vitória,120
1,167,30,Vermelho,Vitória,125
1,168,18,Vermelho,Vitória,130
1,169,26,Preto,Derrota,125
1,170,17,Preto,Derrota,120
1,171,7,Vermelho,Vitória,125
1,172,32,Vermelho,Vitória,130
1,173,3,Vermelho,Vitória,135
1,174,16,Vermelho,Vitória,140
1,175,29,Preto,Derrota,135
1,176,12,Vermelho,Vitória,140
1,177,27,Vermelho,Vitória,145
1,178,16,Vermelho,Vitória,150
1,179,19,Vermelho,Vitória,155
1,180,31,Preto,Derrota,150
1,181,34,Vermelho,Vitória,155
1,182,9,Vermelho,Vitória,160
1,183,34,Vermelho,Vitória,165
1,184,27,Vermelho,Vitória,170
1,185,19,Vermelho,Vitória,175
1,186,28,Preto,Derrota,170
1,187,35,Preto,Derrota,165
1,188,11,Preto,Derrota,160
1,189,20,Preto,Derrota,155
1,190,33,Preto,Derrota,150
1,191,34,Vermelho,Vitória,155
1,192,33,Preto,Derrota,150
1,193,5,Vermelho,Vitória,155
1,194,1,Vermelho,Vitória,160
1,195,9,Vermelho,Vitória,165
1,196,34,Vermelho,Vitória,170
1,197,8,Preto,Derrota,165
1,198,33,Preto,Derrota,160
1,199,3,Vermelho,Vitória,165
1,200,35,Preto,Derrota,160
1,201,20,Preto,Derrota,155
1,202,33,Preto,Derrota,150
1,203,35,Preto,Derrota,145
1,204,16,Vermelho,Vitória,150
1,205,3,Vermelho,Vitória,155
1,206,15,Preto,Derrota,150
1,207,13,Preto,Derrota,145
1,208,24,Preto,Derrota,140
1,209,32,Vermelho,Vitória,145
1,210,27,Vermelho,Vitória,150
1,211,14,Vermelho,Vitória,155
1,212,23,Vermelho,Vitória,160
1,213,16,Vermelho,Vitória,165
1,214,17,Preto,Derrota,160
1,215,30,Vermelho,Vitória,165
1,216,29,Preto,Derrota,160
1,217,10,Preto,Derrota,155
1,218,36,Vermelho,Vitória,160
1,219,23,Vermelho,Vitória,165
1,220,14,Vermelho,Vitória,170
1,221,5,Vermelho,Vitória,175
1,222,19,Vermelho,Vitória,180
1,223,14,Vermelho,Vitória,185
1,224,7,Vermelho,Vitória,190
1,225,23,Vermelho,Vitória,195
1,226,32,Vermelho,Vitória,200
1,227,12,Vermelho,Vitória,205
1,228,30,Vermelho,Vitória,210
1,229,5,Vermelho,Vitória,215
1,230,2,Preto,Derrota,210
1,231,9,Vermelho,Vitória,215
1,232,23,Vermelho,Vitória,220
1,233,3,Vermelho,Vitória,225
1,234,29,Preto,Derrota,220
1,235,30,Vermelho,Vitória,225
1,236,28,Preto,Derrota,220
1,237,23,Vermelho,Vitória,225
1,238,21,Vermelho,Vitória,230
1,239,30,Vermelho,Vitória,235
1,240,17,Preto,Derrota,230
1,241,8,Preto,Derrota,225
1,242,2,Preto,Derrota,220
1,243,36,Vermelho,Vitória,225
1,244,29,Preto,Derrota,220
1,245,21,Vermelho,Vitória,225
1,246,10,Preto,Derrota,220
1,247,4,Preto,Derrota,215
1,248,30,Vermelho,Vitória,220
1,249,25,Vermelho,Vitória,225
1,250,33,Preto,Derrota,220
1,251,21,Vermelho,Vitória,225
1,252,24,Preto,Derrota,220
1,253,3,Vermelho,Vitória,225
1,254,36,Vermelho,Vitória,230
1,255,3,Vermelho,Vitória,235
1,256,9,Vermelho,Vitória,240
1,257,18,Vermelho,Vitória,245
1,258,27,Vermelho,Vitória,250
1,259,22,Preto,Derrota,245
1,260,19,Vermelho,Vitória,250
1,261,3,Vermelho,Vitória,255
1,262,6,Preto,Derrota,250
1,263,22,Preto,Derrota,245
1,264,1,Vermelho,Vitória,250
1,265,11,Preto,Derrota,245
1,266,20,Preto,Derrota,240
1,267,1,Vermelho,Vitória,245
1,268,31,Preto,Derrota,240
1,269,8,Preto,Derrota,235
1,270,32,Vermelho,Vitória,240
1,271,29,Preto,Derrota,235
1,272,18,Vermelho,Vitória,240
1,273,25,Vermelho,Vitória,245
1,274,27,Vermelho,Vitória,250
1,275,5,Vermelho,Vitória,255
1,276,19,Vermelho,Vitória,260
1,277,24,Preto,Derrota,255
1,278,28,Preto,Derrota,250
1,279,19,Vermelho,Vitória,255
1,280,22,Preto,Derrota,250
1,281,6,Preto,Derrota,245
1,282,30,Vermelho,Vitória,250
1,283,16,Vermelho,Vitória,255
1,284,11,Preto,Derrota,250
1,285,12,Vermelho,Vitória,255
1,286,17,Preto,Derrota,250
1,287,26,Preto,Derrota,245
1,288,29,Preto,Derrota,240
1,289,1,Vermelho,Vitória,245
1,290,5,Vermelho,Vitória,250
1,291,17,Preto,Derrota,245
1,292,35,Preto,Derrota,240
1,293,34,Vermelho,Vitória,245
1,294,23,Vermelho,Vitória,250
1,295,20,Preto,Derrota,245
1,296,8,Preto,Derrota,240
1,297,13,Preto,Derrota,235
1,298,3,Vermelho,Vitória,240
1,299,6,Preto,Derrota,235
1,300,10,Preto,Derrota,230
1,301,0,Verde,Derrota,225
1,302,15,Preto,Derrota,220
1,303,20,Preto,Derrota,215
1,304,18,Vermelho,Vitória,220
1,305,12,Vermelho,Vitória,225
1,306,33,Preto,Derrota,220
1,307,12,Vermelho,Vitória,225
1,308,6,Preto,Derrota,220
1,309,13,Preto,Derrota,215
1,310,22,Preto,Derrota,210
1,311,27,Vermelho,Vitória,215
1,312,13,Preto,Derrota,210
1,313,14,Vermelho,Vitória,215
1,314,18,Vermelho,Vitória,220
1,315,23,Vermelho,Vitória,225
1,316,29,Preto,Derrota,220
1,317,13,Preto,Derrota,215
1,318,15,Preto,Derrota,210
1,319,33,Preto,Derrota,205
1,320,9,Vermelho,Vitória,210
1,321,13,Preto,Derrota,205
1,322,27,Vermelho,Vitória,210
1,323,4,Preto,Derrota,205
1,324,5,Vermelho,Vitória,210
1,325,7,Vermelho,Vitória,215
1,326,11,Preto,Derrota,210
1,327,2,Preto,Derrota,205
1,328,34,Vermelho,Vitória,210
1,329,1,Vermelho,Vitória,215
1,330,35,Preto,Derrota,210
1,331,18,Vermelho,Vitória,215
1,332,19,Vermelho,Vitória,220
1,333,9,Vermelho,Vitória,225
1,334,4,Preto,Derrota,220
1,335,6,Preto,Derrota,215
1,336,8,Preto,Derrota,210
1,337,26,Preto,Derrota,205
1,338,1,Vermelho,Vitória,210
1,339,30,Vermelho,Vitória,215
1,340,24,Preto,Derrota,210
1,341,5,Vermelho,Vitória,215
1,342,12,Vermelho,Vitória,220
1,343,25,Vermelho,Vitória,225
1,344,13,Preto,Derrota,220
1,345,4,Preto,Derrota,215
1,346,7,Vermelho,Vitória,220
1,347,26,Preto,Derrota,215
1,348,19,Vermelho,Vitória,220
1,349,14,Vermelho,Vitória,225
1,350,2,Preto,Derrota,220
1,351,34,Vermelho,Vitória,225
1,352,27,Vermelho,Vitória,230
1,353,8,Preto,Derrota,225
1,354,36,Vermelho,Vitória,230
1,355,18,Vermelho,Vitória,235
1,356,29,Preto,Derrota,230
1,357,22,Preto,Derrota,225
1,358,0,Verde,Derrota,220
1,359,23,Vermelho,Vitória,225
1,360,16,Vermelho,Vitória,230
1,361,16,Vermelho,Vitória,235
1,362,16,Vermelho,Vitória,240
1,363,34,Vermelho,Vitória,245
1,364,22,Preto,Derrota,240
1,365,0,Verde,Derrota,235
1,366,14,Vermelho,Vitória,240
1,367,4,Preto,Derrota,235
1,368,0,Verde,Derrota,230
1,369,2,Preto,Derrota,225
1,370,5,Vermelho,Vitória,230
1,371,4,Preto,Derrota,225
1,372,12,Vermelho,Vitória,230
1,373,31,Preto,Derrota,225
1,374,16,Vermelho,Vitória,230
1,375,7,Vermelho,Vitória,235
1,376,6,Preto,Derrota,230
1,377,9,Vermelho,Vitória,235
1,378,4,Preto,Derrota,230
1,379,10,Preto,Derrota,225
1,380,30,Vermelho,Vitória,230
1,381,19,Vermelho,Vitória,235
1,382,20,Preto,Derrota,230
1,383,24,Preto,Derrota,225
1,384,32,Vermelho,Vitória,230
1,385,0,Verde,Derrota,225
1,386,23,Vermelho,Vitória,230
1,387,35,Preto,Derrota,225
1,388,11,Preto,Derrota,220
1,389,24,Preto,Derrota,215
1,390,36,Vermelho,Vitória,220
1,391,16,Vermelho,Vitória,225
1,392,30,Vermelho,Vitória,230
1,393,0,Verde,Derrota,225
1,394,24,Preto,Derrota,220
1,395,21,Vermelho,Vitória,225
1,396,14,Vermelho,Vitória,230
1,397,1,Vermelho,Vitória,235
1,398,9,Vermelho,Vitória,240
1,399,4,Preto,Derrota,235
1,400,26,Preto,Derrota,230
1,401,17,Preto,Derrota,225
1,402,29,Preto,Derrota,220
1,403,30,Vermelho,Vitória,225
1,404,4,Preto,Derrota,220
1,405,28,Preto,Derrota,215
1,406,12,Vermelho,Vitória,220
1,407,15,Preto,Derrota,215
1,408,30,Vermelho,Vitória,220
1,409,12,Vermelho,Vitória,225
1,410,35,Preto,Derrota,220
1,411,32,Vermelho,Vitória,225
1,412,1,Vermelho,Vitória,230
1,413,5,Vermelho,Vitória,235
1,414,13,Preto,Derrota,230
1,415,5,Vermelho,Vitória,235
1,416,10,Preto,Derrota,230
1,417,3,Vermelho,Vitória,235
1,418,27,Vermelho,Vitória,240
1,419,8,Preto,Derrota,235
1,420,33,Preto,Derrota,230
1,421,20,Preto,Derrota,225
1,422,22,Preto,Derrota,220
1,423,30,Vermelho,Vitória,225
1,424,8,Preto,Derrota,220
1,425,10,Preto,Derrota,215
1,426,34,Vermelho,Vitória,220
1,427,6,Preto,Derrota,215
1,428,0,Verde,Derrota,210
1,429,9,Vermelho,Vitória,215
1,430,10,Preto,Derrota,210
1,431,9,Vermelho,Vitória,215
1,432,2,Preto,Derrota,210
1,433,23,Vermelho,Vitória,215
1,434,23,Vermelho,Vitória,220
1,435,13,Preto,Derrota,215
1,436,20,Preto,Derrota,210
1,437,27,Vermelho,Vitória,215
1,438,21,Vermelho,Vitória,220
1,439,22,Preto,Derrota,215
1,440,24,Preto,Derrota,210
1,441,36,Vermelho,Vitória,215
1,442,34,Vermelho,Vitória,220
1,443,5,Vermelho,Vitória,225
1,444,23,Vermelho,Vitória,230
1,445,32,Vermelho,Vitória,235
1,446,16,Vermelho,Vitória,240
1,447,27,Vermelho,Vitória,245
1,448,1,Vermelho,Vitória,250
1,449,26,Preto,Derrota,245
1,450,32,Vermelho,Vitória,250
1,451,30,Vermelho,Vitória,255
1,452,2,Preto,Derrota,250
1,453,31,Preto,Derrota,245
1,454,20,Preto,Derrota,240
1,455,1,Vermelho,Vitória,245
1,456,6,Preto,Derrota,240
1,457,2,Preto,Derrota,235
1,458,21,Vermelho,Vitória,240
1,459,19,Vermelho,Vitória,245
1,460,26,Preto,Derrota,240
1,461,29,Preto,Derrota,235
1,462,25,Vermelho,Vitória,240
1,463,36,Vermelho,Vitória,245
1,464,8,Preto,Derrota,240
1,465,5,Vermelho,Vitória,245
1,466,21,Vermelho,Vitória,250
1,467,5,Vermelho,Vitória,255
1,468,11,Preto,Derrota,250
1,469,12,Vermelho,Vitória,255
1,470,9,Vermelho,Vitória,260
1,471,20,Preto,Derrota,255
1,472,13,Preto,Derrota,250
1,473,10,Preto,Derrota,245
1,474,26,Preto,Derrota,240
1,475,12,Vermelho,Vitória,245
1,476,11,Preto,Derrota,240
1,477,33,Preto,Derrota,235
1,478,0,Verde,Derrota,230
1,479,18,Vermelho,Vitória,235
1,480,11,Preto,Derrota,230
1,481,31,Preto,Derrota,225
1,482,20,Preto,Derrota,220
1,483,19,Vermelho,Vitória,225
1,484,14,Vermelho,Vitória,230
1,485,5,Vermelho,Vitória,235
1,486,24,Preto,Derrota,230
1,487,21,Vermelho,Vitória,235
1,488,0,Verde,Derrota,230
1,489,31,Preto,Derrota,225
1,490,22,Preto,Derrota,220
1,491,30,Vermelho,Vitória,225
1,492,26,Preto,Derrota,220
1,493,2,Preto,Derrota,215
1,494,15,Preto,Derrota,210
1,495,28,Preto,Derrota,205
1,496,10,Preto,Derrota,200
1,497,28,Preto,Derrota,195
1,498,30,Vermelho,Vitória,200
1,499,31,Preto,Derrota,195
1,500,21,Vermelho,Vitória,200
1,501,10,Preto,Derrota,195
1,502,24,Preto,Derrota,190
1,503,33,Preto,Derrota,185
1,504,32,Vermelho,Vitória,190
1,505,22,Preto,Derrota,185
1,506,6,Preto,Derrota,180
1,507,27,Vermelho,Vitória,185
1,508,3,Vermelho,Vitória,190
1,509,18,Vermelho,Vitória,195
1,510,17,Preto,Derrota,190
1,511,11,Preto,Derrota,185
1,512,14,Vermelho,Vitória,190
1,513,33,Preto,Derrota,185
1,514,18,Vermelho,Vitória,190
1,515,15,Preto,Derrota,185
1,516,26,Preto,Derrota,180
1,517,15,Preto,Derrota,175
1,518,11,Preto,Derrota,170
1,519,4,Preto,Derrota,165
1,520,7,Vermelho,Vitória,170
1,521,18,Vermelho,Vitória,175
1,522,7,Vermelho,Vitória,180
1,523,20,Preto,Derrota,175
1,524,2,Preto,Derrota,170
1,525,29,Preto,Derrota,165
1,526,35,Preto,Derrota,160
1,527,14,Vermelho,Vitória,165
1,528,24,Preto,Derrota,160
1,529,19,Vermelho,Vitória,165
1,530,17,Preto,Derrota,160
1,531,2,Preto,Derrota,155
1,532,5,Vermelho,Vitória,160
1,533,15,Preto,Derrota,155
1,534,23,Vermelho,Vitória,160
1,535,6,Preto,Derrota,155
1,536,1,Vermelho,Vitória,160
1,537,18,Vermelho,Vitória,165
1,538,17,Preto,Derrota,160
1,539,35,Preto,Derrota,155
1,540,24,Preto,Derrota,150
1,541,12,Vermelho,Vitória,155
1,542,31,Preto,Derrota,150
1,543,26,Preto,Derrota,145
1,544,29,Preto,Derrota,140
1,545,3,Vermelho,Vitória,145
1,546,31,Preto,Derrota,140
1,547,12,Vermelho,Vitória,145
1,548,1,Vermelho,Vitória,150
1,549,31,Preto,Derrota,145
1,550,25,Vermelho,Vitória,150
1,551,27,Vermelho,Vitória,155
1,552,15,Preto,Derrota,150
1,553,25,Vermelho,Vitória,155
1,554,23,Vermelho,Vitória,160
1,555,0,Verde,Derrota,155
1,556,28,Preto,Derrota,150
1,557,34,Vermelho,Vitória,155
1,558,17,Preto,Derrota,150
1,559,21,Vermelho,Vitória,155
1,560,23,Vermelho,Vitória,160
1,561,2,Preto,Derrota,155
1,562,31,Preto,Derrota,150
1,563,35,Preto,Derrota,145
1,564,19,Vermelho,Vitória,150
1,565,33,Preto,Derrota,145
1,566,32,Vermelho,Vitória,150
1,567,10,Preto,Derrota,145
1,568,7,Vermelho,Vitória,150
1,569,8,Preto,Derrota,145
1,570,5,Vermelho,Vitória,150
1,571,3,Vermelho,Vitória,155
1,572,14,Vermelho,Vitória,160
1,573,32,Vermelho,Vitória,165
1,574,9,Vermelho,Vitória,170
1,575,34,Vermelho,Vitória,175
1,576,31,Preto,Derrota,170
1,577,16,Vermelho,Vitória,175
1,578,0,Verde,Derrota,170
1,579,5,Vermelho,Vitória,175
1,580,33,Preto,Derrota,170
1,581,3,Vermelho,Vitória,175
1,582,4,Preto,Derrota,170
1,583,31,Preto,Derrota,165
1,584,19,Vermelho,Vitória,170
1,585,14,Vermelho,Vitória,175
1,586,24,Preto,Derrota,170
1,587,18,Vermelho,Vitória,175
1,588,24,Preto,Derrota,170
1,589,5,Vermelho,Vitória,175
1,590,25,Vermelho,Vitória,180
1,591,35,Preto,Derrota,175
1,592,12,Vermelho,Vitória,180
1,593,32,Vermelho,Vitória,185
1,594,0,Verde,Derrota,180
1,595,35,Preto,Derrota,175
1,596,6,Preto,Derrota,170
1,597,7,Vermelho,Vitória,175
1,598,35,Preto,Derrota,170
1,599,12,Vermelho,Vitória,175
1,600,16,Vermelho,Vitória,180
1,601,17,Preto,Derrota,175
1,602,3,Vermelho,Vitória,180
1,603,6,Preto,Derrota,175
1,604,3,Vermelho,Vitória,180
1,605,1,Vermelho,Vitória,185
1,606,11,Preto,Derrota,180
1,607,15,Preto,Derrota,175
1,608,21,Vermelho,Vitória,180
1,609,2,Preto,Derrota,175
1,610,36,Vermelho,Vitória,180
1,611,8,Preto,Derrota,175
1,612,22,Preto,Derrota,170
1,613,4,Preto,Derrota,165
1,614,32,Vermelho,Vitória,170
1,615,6,Preto,Derrota,165
1,616,20,Preto,Derrota,160
1,617,22,Preto,Derrota,155
1,618,7,Vermelho,Vitória,160
1,619,24,Preto,Derrota,155
1,620,33,Preto,Derrota,150
1,621,33,Preto,Derrota,145
1,622,22,Preto,Derrota,140
1,623,6,Preto,Derrota,135
1,624,18,Vermelho,Vitória,140
1,625,35,Preto,Derrota,135
1,626,35,Preto,Derrota,130
1,627,17,Preto,Derrota,125
1,628,6,Preto,Derrota,120
1,629,1,Vermelho,Vitória,125
1,630,25,Vermelho,Vitória,130
1,631,5,Vermelho,Vitória,135
1,632,10,Preto,Derrota,130
1,633,30,Vermelho,Vitória,135
1,634,17,Preto,Derrota,130
1,635,4,Preto,Derrota,125
1,636,27,Vermelho,Vitória,130
1,637,18,Vermelho,Vitória,135
1,638,21,Vermelho,Vitória,140
1,639,18,Vermelho,Vitória,145
1,640,0,Verde,Derrota,140
1,641,8,Preto,Derrota,135
1,642,8,Preto,Derrota,130
1,643,12,Vermelho,Vitória,135
1,644,21,Vermelho,Vitória,140
1,645,27,Vermelho,Vitória,145
1,646,1,Vermelho,Vitória,150
1,647,12,Vermelho,Vitória,155
1,648,35,Preto,Derrota,150
1,649,27,Vermelho,Vitória,155
1,650,20,Preto,Derrota,150
1,651,3,Vermelho,Vitória,155
1,652,22,Preto,Derrota,150
1,653,5,Vermelho,Vitória,155
1,654,30,Vermelho,Vitória,160
1,655,14,Vermelho,Vitória,165
1,656,27,Vermelho,Vitória,170
1,657,33,Preto,Derrota,165
1,658,21,Vermelho,Vitória,170
1,659,4,Preto,Derrota,165
1,660,29,Preto,Derrota,160
1,661,22,Preto,Derrota,155
1,662,5,Vermelho,Vitória,160
1,663,28,Preto,Derrota,155
1,664,23,Vermelho,Vitória,160
1,665,25,Vermelho,Vitória,165
1,666,13,Preto,Derrota,160
1,667,1,Vermelho,Vitória,165
1,668,34,Vermelho,Vitória,170
1,669,0,Verde,Derrota,165
1,670,5,Vermelho,Vitória,170
1,671,27,Vermelho,Vitória,175
1,672,19,Vermelho,Vitória,180
1,673,21,Vermelho,Vitória,185
1,674,28,Preto,Derrota,180
1,675,3,Vermelho,Vitória,185
1,676,30,Vermelho,Vitória,190
1,677,5,Vermelho,Vitória,195
1,678,3,Vermelho,Vitória,200
1,679,21,Vermelho,Vitória,205
1,680,0,Verde,Derrota,200
1,681,7,Vermelho,Vitória,205
1,682,11,Preto,Derrota,200
1,683,11,Preto,Derrota,195
1,684,9,Vermelho,Vitória,200
1,685,21,Vermelho,Vitória,205
1,686,2,Preto,Derrota,200
1,687,24,Preto,Derrota,195
1,688,5,Vermelho,Vitória,200
1,689,30,Vermelho,Vitória,205
1,690,19,Vermelho,Vitória,210
1,691,21,Vermelho,Vitória,215
1,692,27,Vermelho,Vitória,220
1,693,0,Verde,Derrota,215
1,694,26,Preto,Derrota,210
1,695,34,Vermelho,Vitória,215
1,696,22,Preto,Derrota,210
1,697,11,Preto,Derrota,205
1,698,5,Vermelho,Vitória,210
1,699,11,Preto,Derrota,205
1,700,30,Vermelho,Vitória,210
1,701,5,Vermelho,Vitória,215
1,702,10,Preto,Derrota,210
1,703,29,Preto,Derrota,205
1,704,6,Preto,Derrota,200
1,705,5,Vermelho,Vitória,205
1,706,0,Verde,Derrota,200
1,707,18,Vermelho,Vitória,205
1,708,1,Vermelho,Vitória,210
1,709,27,Vermelho,Vitória,215
1,710,16,Vermelho,Vitória,220
1,711,36,Vermelho,Vitória,225
1,712,14,Vermelho,Vitória,230
1,713,18,Vermelho,Vitória,235
1,714,8,Preto,Derrota,230
1,715,15,Preto,Derrota,225
1,716,10,Preto,Derrota,220
1,717,30,Vermelho,Vitória,225
1,718,15,Preto,Derrota,220
1,719,18,Vermelho,Vitória,225
1,720,13,Preto,Derrota,220
1,721,3,Vermelho,Vitória,225
1,722,27,Vermelho,Vitória,230
1,723,34,Vermelho,Vitória,235
1,724,16,Vermelho,Vitória,240
1,725,7,Vermelho,Vitória,245
1,726,13,Preto,Derrota,240
1,727,36,Vermelho,Vitória,245
1,728,25,Vermelho,Vitória,250
1,729,15,Preto,Derrota,245
1,730,21,Vermelho,Vitória,250
1,731,20,Preto,Derrota,245
1,732,23,Vermelho,Vitória,250
1,733,35,Preto,Derrota,245
1,734,0,Verde,Derrota,240
1,735,2,Preto,Derrota,235
1,736,0,Verde,Derrota,230
1,737,20,Preto,Derrota,225
1,738,18,Vermelho,Vitória,230
1,739,23,Vermelho,Vitória,235
1,740,6,Preto,Derrota,230
1,741,19,Vermelho,Vitória,235
1,742,2,Preto,Derrota,230
1,743,6,Preto,Derrota,225
1,744,13,Preto,Derrota,220
1,745,24,Preto,Derrota,215
1,746,8,Preto,Derrota,210
1,747,13,Preto,Derrota,205
1,748,4,Preto,Derrota,200
1,749,14,Vermelho,Vitória,205
1,750,28,Preto,Derrota,200
1,751,16,Vermelho,Vitória,205
1,752,0,Verde,Derrota,200
1,753,2,Preto,Derrota,195
1,754,2,Preto,Derrota,190
1,755,18,Vermelho,Vitória,195
1,756,30,Vermelho,Vitória,200
1,757,28,Preto,Derrota,195
1,758,14,Vermelho,Vitória,200
1,759,6,Preto,Derrota,195
1,760,12,Vermelho,Vitória,200
1,761,17,Preto,Derrota,195
1,762,4,Preto,Derrota,190
1,763,6,Preto,Derrota,185
1,764,6,Preto,Derrota,180
1,765,8,Preto,Derrota,175
1,766,22,Preto,Derrota,170
1,767,4,Preto,Derrota,165
1,768,29,Preto,Derrota,160
1,769,27,Vermelho,Vitória,165
1,770,14,Vermelho,Vitória,170
1,771,16,Vermelho,Vitória,175
1,772,29,Preto,Derrota,170
1,773,23,Vermelho,Vitória,175
1,774,15,Preto,Derrota,170
1,775,22,Preto,Derrota,165
1,776,20,Preto,Derrota,160
1,777,1,Vermelho,Vitória,165
1,778,0,Verde,Derrota,160
1,779,8,Preto,Derrota,155
1,780,26,Preto,Derrota,150
1,781,32,Vermelho,Vitória,155
1,782,29,Preto,Derrota,150
1,783,35,Preto,Derrota,145
1,784,34,Vermelho,Vitória,150
1,785,9,Vermelho,Vitória,155
1,786,32,Vermelho,Vitória,160
1,787,6,Preto,Derrota,155
1,788,35,Preto,Derrota,150
1,789,20,Preto,Derrota,145
1,790,6,Preto,Derrota,140
1,791,17,Preto,Derrota,135
1,792,20,Preto,Derrota,130
1,793,36,Vermelho,Vitória,135
1,794,4,Preto,Derrota,130
1,795,12,Vermelho,Vitória,135
1,796,26,Preto,Derrota,130
1,797,11,Preto,Derrota,125
1,798,1,Vermelho,Vitória,130
1,799,9,Vermelho,Vitória,135
1,800,17,Preto,Derrota,130
1,801,12,Vermelho,Vitória,135
1,802,35,Preto,Derrota,130
1,803,30,Vermelho,Vitória,135
1,804,5,Vermelho,Vitória,140
1,805,11,Preto,Derrota,135
1,806,9,Vermelho,Vitória,140
1,807,14,Vermelho,Vitória,145
1,808,15,Preto,Derrota,140
1,809,36,Vermelho,Vitória,145
1,810,24,Preto,Derrota,140
1,811,17,Preto,Derrota,135
1,812,14,Vermelho,Vitória,140
1,813,9,Vermelho,Vitória,145
1,814,12,Vermelho,Vitória,150
1,815,9,Vermelho,Vitória,155
1,816,19,Vermelho,Vitória,160
1,817,7,Vermelho,Vitória,165
1,818,22,Preto,Derrota,160
1,819,31,Preto,Derrota,155
1,820,36,Vermelho,Vitória,160
1,821,31,Preto,Derrota,155
1,822,1,Vermelho,Vitória,160
1,823,36,Vermelho,Vitória,165
1,824,3,Vermelho,Vitória,170
1,825,21,Vermelho,Vitória,175
1,826,11,Preto,Derrota,170
1,827,36,Vermelho,Vitória,175
1,828,32,Vermelho,Vitória,180
1,829,22,Preto,Derrota,175
1,830,4,Preto,Derrota,170
1,831,11,Preto,Derrota,165
1,832,35,Preto,Derrota,160
1,833,21,Vermelho,Vitória,165
1,834,36,Vermelho,Vitória,170
1,835,11,Preto,Derrota,165
1,836,15,Preto,Derrota,160
1,837,24,Preto,Derrota,155
1,838,30,Vermelho,Vitória,160
1,839,9,Vermelho,Vitória,165
1,840,5,Vermelho,Vitória,170
1,841,29,Preto,Derrota,165
1,842,10,Preto,Derrota,160
1,843,20,Preto,Derrota,155
1,844,34,Vermelho,Vitória,160
1,845,1,Vermelho,Vitória,165
1,846,5,Vermelho,Vitória,170
1,847,33,Preto,Derrota,165
1,848,6,Preto,Derrota,160
1,849,34,Vermelho,Vitória,165
1,850,31,Preto,Derrota,160
1,851,13,Preto,Derrota,155
1,852,18,Vermelho,Vitória,160
1,853,14,Vermelho,Vitória,165
1,854,29,Preto,Derrota,160
1,855,23,Vermelho,Vitória,165
1,856,4,Preto,Derrota,160
1,857,35,Preto,Derrota,155
1,858,26,Preto,Derrota,150
1,859,30,Vermelho,Vitória,155
1,860,11,Preto,Derrota,150
1,861,12,Vermelho,Vitória,155
1,862,28,Preto,Derrota,150
1,863,20,Preto,Derrota,145
1,864,34,Vermelho,Vitória,150
1,865,33,Preto,Derrota,145
1,866,34,Vermelho,Vitória,150
1,867,1,Vermelho,Vitória,155
1,868,30,Vermelho,Vitória,160
1,869,6,Preto,Derrota,155
1,870,35,Preto,Derrota,150
1,871,31,Preto,Derrota,145
1,872,30,Vermelho,Vitória,150
1,873,15,Preto,Derrota,145
1,874,5,Vermelho,Vitória,150
1,875,22,Preto,Derrota,145
1,876,28,Preto,Derrota,140
1,877,7,Vermelho,Vitória,145
1,878,21,Vermelho,Vitória,150
1,879,16,Vermelho,Vitória,155
1,880,6,Preto,Derrota,150
1,881,32,Vermelho,Vitória,155
1,882,10,Preto,Derrota,150
1,883,8,Preto,Derrota,145
1,884,26,Preto,Derrota,140
1,885,28,Preto,Derrota,135
1,886,13,Preto,Derrota,130
1,887,19,Vermelho,Vitória,135
1,888,16,Vermelho,Vitória,140
1,889,3,Vermelho,Vitória,145
1,890,11,Preto,Derrota,140
1,891,4,Preto,Derrota,135
1,892,14,Vermelho,Vitória,140
1,893,11,Preto,Derrota,135
1,894,15,Preto,Derrota,130
1,895,29,Preto,Derrota,125
1,896,7,Vermelho,Vitória,130
1,897,11,Preto,Derrota,125
1,898,30,Vermelho,Vitória,130
1,899,4,Preto,Derrota,125
1,900,20,Preto,Derrota,120
1,901,21,Vermelho,Vitória,125
1,902,29,Preto,Derrota,120
1,903,31,Preto,Derrota,115
1,904,30,Vermelho,Vitória,120
1,905,7,Vermelho,Vitória,125
1,906,5,Vermelho,Vitória,130
1,907,19,Vermelho,Vitória,135
1,908,16,Vermelho,Vitória,140
1,909,19,Vermelho,Vitória,145
1,910,8,Preto,Derrota,140
1,911,0,Verde,Derrota,135
1,912,3,Vermelho,Vitória,140
1,913,12,Vermelho,Vitória,145
1,914,8,Preto,Derrota,140
1,915,29,Preto,Derrota,135
1,916,14,Vermelho,Vitória,140
1,917,10,Preto,Derrota,135
1,918,17,Preto,Derrota,130
1,919,9,Vermelho,Vitória,135
1,920,16,Vermelho,Vitória,140
1,921,34,Vermelho,Vitória,145
1,922,9,Vermelho,Vitória,150
1,923,5,Vermelho,Vitória,155
1,924,15,Preto,Derrota,150
1,925,21,Vermelho,Vitória,155
1,926,16,Vermelho,Vitória,160
1,927,27,Vermelho,Vitória,165
1,928,19,Vermelho,Vitória,170
1,929,25,Vermelho,Vitória,175
1,930,1,Vermelho,Vitória,180
1,931,24,Preto,Derrota,175
1,932,26,Preto,Derrota,170
1,933,21,Vermelho,Vitória,175
1,934,35,Preto,Derrota,170
1,935,32,Vermelho,Vitória,175
1,936,0,Verde,Derrota,170
1,937,14,Vermelho,Vitória,175
1,938,6,Preto,Derrota,170
1,939,7,Vermelho,Vitória,175
1,940,13,Preto,Derrota,170
1,941,36,Vermelho,Vitória,175
1,942,25,Vermelho,Vitória,180
1,943,20,Preto,Derrota,175
1,944,33,Preto,Derrota,170
1,945,12,Vermelho,Vitória,175
1,946,8,Preto,Derrota,170
1,947,10,Preto,Derrota,165
1,948,35,Preto,Derrota,160
1,949,6,Preto,Derrota,155
1,950,3,Vermelho,Vitória,160
1,951,26,Preto,Derrota,155
1,952,16,Vermelho,Vitória,160
1,953,32,Vermelho,Vitória,165
1,954,14,Vermelho,Vitória,170
1,955,15,Preto,Derrota,165
1,956,19,Vermelho,Vitória,170
1,957,36,Vermelho,Vitória,175
1,958,4,Preto,Derrota,170
1,959,29,Preto,Derrota,165
1,960,26,Preto,Derrota,160
1,961,24,Preto,Derrota,155
1,962,12,Vermelho,Vitória,160
1,963,29,Preto,Derrota,155
1,964,30,Vermelho,Vitória,160
1,965,2,Preto,Derrota,155
1,966,13,Preto,Derrota,150
1,967,18,Vermelho,Vitória,155
1,968,12,Vermelho,Vitória,160
1,969,29,Preto,Derrota,155
1,970,7,Vermelho,Vitória,160
1,971,15,Preto,Derrota,155
1,972,9,Vermelho,Vitória,160
1,973,17,Preto,Derrota,155
1,974,1,Vermelho,Vitória,160
1,975,26,Preto,Derrota,155
1,976,9,Vermelho,Vitória,160
1,977,20,Preto,Derrota,155
1,978,24,Preto,Derrota,150
1,979,8,Preto,Derrota,145
1,980,18,Vermelho,Vitória,150
1,981,3,Vermelho,Vitória,155
1,982,5,Vermelho,Vitória,160
1,983,10,Preto,Derrota,155
1,984,34,Vermelho,Vitória,160
1,985,11,Preto,Derrota,155
1,986,27,Vermelho,Vitória,160
1,987,20,Preto,Derrota,155
1,988,14,Vermelho,Vitória,160
1,989,19,Vermelho,Vitória,165
1,990,29,Preto,Derrota,160
1,991,20,Preto,Derrota,155
1,992,36,Vermelho,Vitória,160
1,993,14,Vermelho,Vitória,165
1,994,26,Preto,Derrota,160
1,995,29,Preto,Derrota,155
1,996,28,Preto,Derrota,150
1,997,1,Vermelho,Vitória,155
1,998,31,Preto,Derrota,150
1,999,17,Preto,Derrota,145
1,1000,17,Preto,Derrota,140
1,1001,10,Preto,Derrota,135
1,1002,5,Vermelho,Vitória,140
1,1003,6,Preto,Derrota,135
1,1004,16,Vermelho,Vitória,140
1,1005,1,Vermelho,Vitória,145
1,1006,7,Vermelho,Vitória,150
1,1007,6,Preto,Derrota,145
1,1008,25,Vermelho,Vitória,150
1,1009,8,Preto,Derrota,145
1,1010,27,Vermelho,Vitória,150
1,1011,17,Preto,Derrota,145
1,1012,36,Vermelho,Vitória,150
1,1013,17,Preto,Derrota,145
1,1014,10,Preto,Derrota,140
1,1015,24,Preto,Derrota,135
1,1016,5,Vermelho,Vitória,140
1,1017,25,Vermelho,Vitória,145
1,1018,16,Vermelho,Vitória,150
1,1019,18,Vermelho,Vitória,155
1,1020,15,Preto,Derrota,150
1,1021,29,Preto,Derrota,145
1,1022,33,Preto,Derrota,140
1,1023,31,Preto,Derrota,135
1,1024,7,Vermelho,Vitória,140
1,1025,28,Preto,Derrota,135
1,1026,4,Preto,Derrota,130
1,1027,32,Vermelho,Vitória,135
1,1028,18,Vermelho,Vitória,140
1,1029,26,Preto,Derrota,135
1,1030,6,Preto,Derrota,130
1,1031,22,Preto,Derrota,125
1,1032,30,Vermelho,Vitória,130
1,1033,29,Preto,Derrota,125
1,1034,5,Vermelho,Vitória,130
1,1035,20,Preto,Derrota,125
1,1036,7,Vermelho,Vitória,130
1,1037,18,Vermelho,Vitória,135
1,1038,24,Preto,Derrota,130
1,1039,32,Vermelho,Vitória,135
1,1040,32,Vermelho,Vitória,140
1,1041,4,Preto,Derrota,135
1,1042,15,Preto,Derrota,130
1,1043,31,Preto,Derrota,125
1,1044,12,Vermelho,Vitória,130
1,1045,20,Preto,Derrota,125
1,1046,19,Vermelho,Vitória,130
1,1047,18,Vermelho,Vitória,135
1,1048,32,Vermelho,Vitória,140
1,1049,14,Vermelho,Vitória,145
1,1050,13,Preto,Derrota,140
1,1051,13,Preto,Derrota,135
1,1052,23,Vermelho,Vitória,140
1,1053,20,Preto,Derrota,135
1,1054,33,Preto,Derrota,130
1,1055,34,Vermelho,Vitória,135
1,1056,8,Preto,Derrota,130
1,1057,1,Vermelho,Vitória,135
1,1058,14,Vermelho,Vitória,140
1,1059,3,Vermelho,Vitória,145
1,1060,31,Preto,Derrota,140
1,1061,34,Vermelho,Vitória,145
1,1062,32,Vermelho,Vitória,150
1,1063,12,Vermelho,Vitória,155
1,1064,16,Vermelho,Vitória,160
1,1065,18,Vermelho,Vitória,165
1,1066,15,Preto,Derrota,160
1,1067,9,Vermelho,Vitória,165
1,1068,18,Vermelho,Vitória,170
1,1069,10,Preto,Derrota,165
1,1070,35,Preto,Derrota,160
1,1071,26,Preto,Derrota,155
1,1072,35,Preto,Derrota,150
1,1073,30,Vermelho,Vitória,155
1,1074,13,Preto,Derrota,150
1,1075,8,Preto,Derrota,145
1,1076,28,Preto,Derrota,140
1,1077,8,Preto,Derrota,135
1,1078,0,Verde,Derrota,130
1,1079,21,Vermelho,Vitória,135
1,1080,12,Vermelho,Vitória,140
1,1081,25,Vermelho,Vitória,145
1,1082,1,Vermelho,Vitória,150
1,1083,32,Vermelho,Vitória,155
1,1084,36,Vermelho,Vitória,160
1,1085,19,Vermelho,Vitória,165
1,1086,25,Vermelho,Vitória,170
1,1087,8,Preto,Derrota,165
1,1088,26,Preto,Derrota,160
1,1089,21,Vermelho,Vitória,165
1,1090,9,Vermelho,Vitória,170
1,1091,9,Vermelho,Vitória,175
1,1092,30,Vermelho,Vitória,180
1,1093,15,Preto,Derrota,175
1,1094,35,Preto,Derrota,170
1,1095,11,Preto,Derrota,165
1,1096,22,Preto,Derrota,160
1,1097,18,Vermelho,Vitória,165
1,1098,19,Vermelho,Vitória,170
1,1099,29,Preto,Derrota,165
1,1100,21,Vermelho,Vitória,170
1,1101,12,Vermelho,Vitória,175
1,1102,18,Vermelho,Vitória,180
1,1103,14,Vermelho,Vitória,185
1,1104,11,Preto,Derrota,180
1,1105,8,Preto,Derrota,175
1,1106,10,Preto,Derrota,170
1,1107,8,Preto,Derrota,165
1,1108,35,Preto,Derrota,160
1,1109,23,Vermelho,Vitória,165
1,1110,31,Preto,Derrota,160
1,1111,20,Preto,Derrota,155
1,1112,20,Preto,Derrota,150
1,1113,29,Preto,Derrota,145
1,1114,27,Vermelho,Vitória,150
1,1115,3,Vermelho,Vitória,155
1,1116,18,Vermelho,Vitória,160
1,1117,20,Preto,Derrota,155
1,1118,23,Vermelho,Vitória,160
1,1119,25,Vermelho,Vitória,165
1,1120,9,Vermelho,Vitória,170
1,1121,26,Preto,Derrota,165
1,1122,20,Preto,Derrota,160
1,1123,27,Vermelho,Vitória,165
1,1124,27,Vermelho,Vitória,170
1,1125,36,Vermelho,Vitória,175
1,1126,29,Preto,Derrota,170
1,1127,18,Vermelho,Vitória,175
1,1128,16,Vermelho,Vitória,180
1,1129,4,Preto,Derrota,175
1,1130,15,Preto,Derrota,170
1,1131,27,Vermelho,Vitória,175
1,1132,3,Vermelho,Vitória,180
1,1133,31,Preto,Derrota,175
1,1134,25,Vermelho,Vitória,180
1,1135,21,Vermelho,Vitória,185
1,1136,6,Preto,Derrota,180
1,1137,18,Vermelho,Vitória,185
1,1138,32,Vermelho,Vitória,190
1,1139,0,Verde,Derrota,185
1,1140,28,Preto,Derrota,180
1,1141,33,Preto,Derrota,175
1,1142,16,Vermelho,Vitória,180
1,1143,14,Vermelho,Vitória,185
1,1144,16,Vermelho,Vitória,190
1,1145,34,Vermelho,Vitória,195
1,1146,6,Preto,Derrota,190
1,1147,4,Preto,Derrota,185
1,1148,14,Vermelho,Vitória,190
1,1149,31,Preto,Derrota,185
1,1150,35,Preto,Derrota,180
1,1151,27,Vermelho,Vitória,185
1,1152,26,Preto,Derrota,180
1,1153,2,Preto,Derrota,175
1,1154,20,Preto,Derrota,170
1,1155,22,Preto,Derrota,165
1,1156,28,Preto,Derrota,160
1,1157,14,Vermelho,Vitória,165
1,1158,9,Vermelho,Vitória,170
1,1159,19,Vermelho,Vitória,175
1,1160,33,Preto,Derrota,170
1,1161,14,Vermelho,Vitória,175
1,1162,33,Preto,Derrota,170
1,1163,32,Vermelho,Vitória,175
1,1164,28,Preto,Derrota,170
1,1165,1,Vermelho,Vitória,175
1,1166,7,Vermelho,Vitória,180
1,1167,25,Vermelho,Vitória,185
1,1168,2,Preto,Derrota,180
1,1169,23,Vermelho,Vitória,185
1,1170,12,Vermelho,Vitória,190
1,1171,24,Preto,Derrota,185
1,1172,3,Vermelho,Vitória,190
1,1173,29,Preto,Derrota,185
1,1174,27,Vermelho,Vitória,190
1,1175,25,Vermelho,Vitória,195
1,1176,19,Vermelho,Vitória,200
1,1177,11,Preto,Derrota,195
1,1178,30,Vermelho,Vitória,200
1,1179,11,Preto,Derrota,195
1,1180,36,Vermelho,Vitória,200
1,1181,14,Vermelho,Vitória,205
1,1182,7,Vermelho,Vitória,210
1,1183,32,Vermelho,Vitória,215
1,1184,16,Vermelho,Vitória,220
1,1185,12,Vermelho,Vitória,225
1,1186,7,Vermelho,Vitória,230
1,1187,19,Vermelho,Vitória,235
1,1188,8,Preto,Derrota,230
1,1189,16,Vermelho,Vitória,235
1,1190,1,Vermelho,Vitória,240
1,1191,1,Vermelho,Vitória,245
1,1192,22,Preto,Derrota,240
1,1193,22,Preto,Derrota,235
1,1194,19,Vermelho,Vitória,240
1,1195,7,Vermelho,Vitória,245
1,1196,5,Vermelho,Vitória,250
1,1197,35,Preto,Derrota,245
1,1198,32,Vermelho,Vitória,250
1,1199,29,Preto,Derrota,245
1,1200,31,Preto,Derrota,240
1,1201,32,Vermelho,Vitória,245
1,1202,34,Vermelho,Vitória,250
1,1203,15,Preto,Derrota,245
1,1204,24,Preto,Derrota,240
1,1205,22,Preto,Derrota,235
1,1206,28,Preto,Derrota,230
1,1207,3,Vermelho,Vitória,235
1,1208,13,Preto,Derrota,230
1,1209,14,Vermelho,Vitória,235
1,1210,31,Preto,Derrota,230
1,1211,23,Vermelho,Vitória,235
1,1212,21,Vermelho,Vitória,240
1,1213,16,Vermelho,Vitória,245
1,1214,31,Preto,Derrota,240
1,1215,3,Vermelho,Vitória,245
1,1216,22,Preto,Derrota,240
1,1217,6,Preto,Derrota,235
1,1218,0,Verde,Derrota,230
1,1219,35,Preto,Derrota,225
1,1220,21,Vermelho,Vitória,230
1,1221,25,Vermelho,Vitória,235
1,1222,36,Vermelho,Vitória,240
1,1223,26,Preto,Derrota,235
1,1224,1,Vermelho,Vitória,240
1,1225,0,Verde,Derrota,235
1,1226,1,Vermelho,Vitória,240
1,1227,27,Vermelho,Vitória,245
1,1228,14,Vermelho,Vitória,250
1,1229,11,Preto,Derrota,245
1,1230,6,Preto,Derrota,240
1,1231,35,Preto,Derrota,235
1,1232,12,Vermelho,Vitória,240
1,1233,13,Preto,Derrota,235
1,1234,11,Preto,Derrota,230
1,1235,16,Vermelho,Vitória,235
1,1236,9,Vermelho,Vitória,240
1,1237,14,Vermelho,Vitória,245
1,1238,35,Preto,Derrota,240
1,1239,18,Vermelho,Vitória,245
1,1240,20,Preto,Derrota,240
1,1241,29,Preto,Derrota,235
1,1242,15,Preto,Derrota,230
1,1243,10,Preto,Derrota,225
1,1244,29,Preto,Derrota,220
1,1245,30,Vermelho,Vitória,225
1,1246,13,Preto,Derrota,220
1,1247,16,Vermelho,Vitória,225
1,1248,21,Vermelho,Vitória,230
1,1249,32,Vermelho,Vitória,235
1,1250,31,Preto,Derrota,230
1,1251,35,Preto,Derrota,225
1,1252,15,Preto,Derrota,220
1,1253,27,Vermelho,Vitória,225
1,1254,19,Vermelho,Vitória,230
1,1255,5,Vermelho,Vitória,235
1,1256,19,Vermelho,Vitória,240
1,1257,17,Preto,Derrota,235
1,1258,25,Vermelho,Vitória,240
1,1259,24,Preto,Derrota,235
1,1260,36,Vermelho,Vitória,240
1,1261,15,Preto,Derrota,235
1,1262,18,Vermelho,Vitória,240
1,1263,30,Vermelho,Vitória,245
1,1264,4,Preto,Derrota,240
1,1265,29,Preto,Derrota,235
1,1266,27,Vermelho,Vitória,240
1,1267,29,Preto,Derrota,235
1,1268,15,Preto,Derrota,230
1,1269,23,Vermelho,Vitória,235
1,1270,36,Vermelho,Vitória,240
1,1271,13,Preto,Derrota,235
1,1272,3,Vermelho,Vitória,240
1,1273,25,Vermelho,Vitória,245
1,1274,12,Vermelho,Vitória,250
1,1275,28,Preto,Derrota,245
1,1276,34,Vermelho,Vitória,250
1,1277,21,Vermelho,Vitória,255
1,1278,9,Vermelho,Vitória,260
1,1279,32,Vermelho,Vitória,265
1,1280,3,Vermelho,Vitória,270
1,1281,21,Vermelho,Vitória,275
1,1282,16,Vermelho,Vitória,280
1,1283,36,Vermelho,Vitória,285
1,1284,8,Preto,Derrota,280
1,1285,27,Vermelho,Vitória,285
1,1286,30,Vermelho,Vitória,290
1,1287,14,Vermelho,Vitória,295
1,1288,18,Vermelho,Vitória,300
1,1289,15,Preto,Derrota,295
1,1290,6,Preto,Derrota,290
1,1291,15,Preto,Derrota,285
1,1292,24,Preto,Derrota,280
1,1293,5,Vermelho,Vitória,285
1,1294,35,Preto,Derrota,280
1,1295,24,Preto,Derrota,275
1,1296,35,Preto,Derrota,270
1,1297,5,Vermelho,Vitória,275
1,1298,6,Preto,Derrota,270
1,1299,33,Preto,Derrota,265
1,1300,14,Vermelho,Vitória,270
1,1301,16,Vermelho,Vitória,275
1,1302,15,Preto,Derrota,270
1,1303,28,Preto,Derrota,265
1,1304,9,Vermelho,Vitória,270
1,1305,29,Preto,Derrota,265
1,1306,19,Vermelho,Vitória,270
1,1307,18,Vermelho,Vitória,275
1,1308,22,Preto,Derrota,270
1,1309,36,Vermelho,Vitória,275
1,1310,8,Preto,Derrota,270
1,1311,16,Vermelho,Vitória,275
1,1312,21,Vermelho,Vitória,280
1,1313,24,Preto,Derrota,275
1,1314,28,Preto,Derrota,270
1,1315,26,Preto,Derrota,265
1,1316,20,Preto,Derrota,260
1,1317,9,Vermelho,Vitória,265
1,1318,15,Preto,Derrota,260
1,1319,18,Vermelho,Vitória,265
1,1320,15,Preto,Derrota,260
1,1321,8,Preto,Derrota,255
1,1322,15,Preto,Derrota,250
1,1323,10,Preto,Derrota,245
1,1324,1,Vermelho,Vitória,250
1,1325,11,Preto,Derrota,245
1,1326,29,Preto,Derrota,240
1,1327,36,Vermelho,Vitória,245
1,1328,12,Vermelho,Vitória,250
1,1329,9,Vermelho,Vitória,255
1,1330,2,Preto,Derrota,250
1,1331,0,Verde,Derrota,245
1,1332,10,Preto,Derrota,240
1,1333,1,Vermelho,Vitória,245
1,1334,31,Preto,Derrota,240
1,1335,36,Vermelho,Vitória,245
1,1336,1,Vermelho,Vitória,250
1,1337,17,Preto,Derrota,245
1,1338,12,Vermelho,Vitória,250
1,1339,13,Preto,Derrota,245
1,1340,33,Preto,Derrota,240
1,1341,0,Verde,Derrota,235
1,1342,26,Preto,Derrota,230
1,1343,4,Preto,Derrota,225
1,1344,9,Vermelho,Vitória,230
1,1345,24,Preto,Derrota,225
1,1346,19,Vermelho,Vitória,230
1,1347,28,Preto,Derrota,225
1,1348,16,Vermelho,Vitória,230
1,1349,25,Vermelho,Vitória,235
1,1350,35,Preto,Derrota,230
1,1351,19,Vermelho,Vitória,235
1,1352,20,Preto,Derrota,230
1,1353,8,Preto,Derrota,225
1,1354,18,Vermelho,Vitória,230
1,1355,11,Preto,Derrota,225
1,1356,13,Preto,Derrota,220
1,1357,2,Preto,Derrota,215
1,1358,30,Vermelho,Vitória,220
1,1359,19,Vermelho,Vitória,225
1,1360,14,Vermelho,Vitória,230
1,1361,26,Preto,Derrota,225
1,1362,14,Vermelho,Vitória,230
1,1363,26,Preto,Derrota,225
1,1364,4,Preto,Derrota,220
1,1365,28,Preto,Derrota,215
1,1366,27,Vermelho,Vitória,220
1,1367,28,Preto,Derrota,215
1,1368,23,Vermelho,Vitória,220
1,1369,15,Preto,Derrota,215
1,1370,27,Vermelho,Vitória,220
1,1371,23,Vermelho,Vitória,225
1,1372,29,Preto,Derrota,220
1,1373,31,Preto,Derrota,215
1,1374,30,Vermelho,Vitória,220
1,1375,27,Vermelho,Vitória,225
1,1376,16,Vermelho,Vitória,230
1,1377,18,Vermelho,Vitória,235
1,1378,32,Vermelho,Vitória,240
1,1379,8,Preto,Derrota,235
1,1380,30,Vermelho,Vitória,240
1,1381,15,Preto,Derrota,235
1,1382,22,Preto,Derrota,230
1,1383,13,Preto,Derrota,225
1,1384,12,Vermelho,Vitória,230
1,1385,27,Vermelho,Vitória,235
1,1386,4,Preto,Derrota,230
1,1387,12,Vermelho,Vitória,235
1,1388,1,Vermelho,Vitória,240
1,1389,10,Preto,Derrota,235
1,1390,5,Vermelho,Vitória,240
1,1391,15,Preto,Derrota,235
1,1392,20,Preto,Derrota,230
1,1393,29,Preto,Derrota,225
1,1394,29,Preto,Derrota,220
1,1395,33,Preto,Derrota,215
1,1396,1,Vermelho,Vitória,220
1,1397,3,Vermelho,Vitória,225
1,1398,6,Preto,Derrota,220
1,1399,13,Preto,Derrota,215
1,1400,33,Preto,Derrota,210
1,1401,29,Preto,Derrota,205
1,1402,2,Preto,Derrota,200
1,1403,4,Preto,Derrota,195
1,1404,7,Vermelho,Vitória,200
1,1405,10,Preto,Derrota,195
1,1406,13,Preto,Derrota,190
1,1407,14,Vermelho,Vitória,195
1,1408,3,Vermelho,Vitória,200
1,1409,1,Vermelho,Vitória,205
1,1410,20,Preto,Derrota,200
1,1411,3,Vermelho,Vitória,205
1,1412,0,Verde,Derrota,200
1,1413,6,Preto,Derrota,195
1,1414,5,Vermelho,Vitória,200
1,1415,25,Vermelho,Vitória,205
1,1416,26,Preto,Derrota,200
1,1417,0,Verde,Derrota,195
1,1418,0,Verde,Derrota,190
1,1419,15,Preto,Derrota,185
1,1420,16,Vermelho,Vitória,190
1,1421,27,Vermelho,Vitória,195
1,1422,22,Preto,Derrota,190
1,1423,15,Preto,Derrota,185
1,1424,2,Preto,Derrota,180
1,1425,7,Vermelho,Vitória,185
1,1426,14,Vermelho,Vitória,190
1,1427,13,Preto,Derrota,185
1,1428,19,Vermelho,Vitória,190
1,1429,28,Preto,Derrota,185
1,1430,24,Preto,Derrota,180
1,1431,10,Preto,Derrota,175
1,1432,29,Preto,Derrota,170
1,1433,11,Preto,Derrota,165
1,1434,1,Vermelho,Vitória,170
1,1435,14,Vermelho,Vitória,175
1,1436,5,Vermelho,Vitória,180
1,1437,28,Preto,Derrota,175
1,1438,17,Preto,Derrota,170
1,1439,15,Preto,Derrota,165
1,1440,6,Preto,Derrota,160
1,1441,12,Vermelho,Vitória,165
1,1442,3,Vermelho,Vitória,170
1,1443,18,Vermelho,Vitória,175
1,1444,8,Preto,Derrota,170
1,1445,24,Preto,Derrota,165
1,1446,32,Vermelho,Vitória,170
1,1447,9,Vermelho,Vitória,175
1,1448,9,Vermelho,Vitória,180
1,1449,29,Preto,Derrota,175
1,1450,3,Vermelho,Vitória,180
1,1451,28,Preto,Derrota,175
1,1452,6,Preto,Derrota,170
1,1453,12,Vermelho,Vitória,175
1,1454,7,Vermelho,Vitória,180
1,1455,1,Vermelho,Vitória,185
1,1456,17,Preto,Derrota,180
1,1457,30,Vermelho,Vitória,185
1,1458,22,Preto,Derrota,180
1,1459,25,Vermelho,Vitória,185
1,1460,17,Preto,Derrota,180
1,1461,20,Preto,Derrota,175
1,1462,19,Vermelho,Vitória,180
1,1463,11,Preto,Derrota,175
1,1464,8,Preto,Derrota,170
1,1465,2,Preto,Derrota,165
1,1466,9,Vermelho,Vitória,170
1,1467,13,Preto,Derrota,165
1,1468,27,Vermelho,Vitória,170
1,1469,5,Vermelho,Vitória,175
1,1470,13,Preto,Derrota,170
1,1471,36,Vermelho,Vitória,175
1,1472,3,Vermelho,Vitória,180
1,1473,18,Vermelho,Vitória,185
1,1474,21,Vermelho,Vitória,190
1,1475,5,Vermelho,Vitória,195
1,1476,14,Vermelho,Vitória,200
1,1477,12,Vermelho,Vitória,205
1,1478,33,Preto,Derrota,200
1,1479,34,Vermelho,Vitória,205
1,1480,35,Preto,Derrota,200
1,1481,17,Preto,Derrota,195
1,1482,8,Preto,Derrota,190
1,1483,28,Preto,Derrota,185
1,1484,25,Vermelho,Vitória,190
1,1485,15,Preto,Derrota,185
1,1486,10,Preto,Derrota,180
1,1487,2,Preto,Derrota,175
1,1488,16,Vermelho,Vitória,180
1,1489,3,Vermelho,Vitória,185
1,1490,27,Vermelho,Vitória,190
1,1491,33,Preto,Derrota,185
1,1492,21,Vermelho,Vitória,190
1,1493,17,Preto,Derrota,185
1,1494,18,Vermelho,Vitória,190
1,1495,24,Preto,Derrota,185
1,1496,33,Preto,Derrota,180
1,1497,27,Vermelho,Vitória,185
1,1498,13,Preto,Derrota,180
1,1499,5,Vermelho,Vitória,185
1,1500,6,Preto,Derrota,180
1,1501,10,Preto,Derrota,175
1,1502,4,Preto,Derrota,170
1,1503,0,Verde,Derrota,165
1,1504,9,Vermelho,Vitória,170
1,1505,20,Preto,Derrota,165
1,1506,18,Vermelho,Vitória,170
1,1507,22,Preto,Derrota,165
1,1508,0,Verde,Derrota,160
1,1509,26,Preto,Derrota,155
1,1510,9,Vermelho,Vitória,160
1,1511,16,Vermelho,Vitória,165
1,1512,16,Vermelho,Vitória,170
1,1513,30,Vermelho,Vitória,175
1,1514,30,Vermelho,Vitória,180
1,1515,8,Preto,Derrota,175
1,1516,32,Vermelho,Vitória,180
1,1517,16,Vermelho,Vitória,185
1,1518,13,Preto,Derrota,180
1,1519,5,Vermelho,Vitória,185
1,1520,12,Vermelho,Vitória,190
1,1521,4,Preto,Derrota,185
1,1522,33,Preto,Derrota,180
1,1523,10,Preto,Derrota,175
1,1524,13,Preto,Derrota,170
1,1525,16,Vermelho,Vitória,175
1,1526,28,Preto,Derrota,170
1,1527,36,Vermelho,Vitória,175
1,1528,32,Vermelho,Vitória,180
1,1529,5,Vermelho,Vitória,185
1,1530,2,Preto,Derrota,180
1,1531,16,Vermelho,Vitória,185
1,1532,21,Vermelho,Vitória,190
1,1533,30,Vermelho,Vitória,195
1,1534,21,Vermelho,Vitória,200
1,1535,36,Vermelho,Vitória,205
1,1536,16,Vermelho,Vitória,210
1,1537,0,Verde,Derrota,205
1,1538,18,Vermelho,Vitória,210
1,1539,32,Vermelho,Vitória,215
1,1540,34,Vermelho,Vitória,220
1,1541,25,Vermelho,Vitória,225
1,1542,7,Vermelho,Vitória,230
1,1543,26,Preto,Derrota,225
1,1544,22,Preto,Derrota,220
1,1545,7,Vermelho,Vitória,225
1,1546,15,Preto,Derrota,220
1,1547,7,Vermelho,Vitória,225
1,1548,3,Vermelho,Vitória,230
1,1549,6,Preto,Derrota,225
1,1550,24,Preto,Derrota,220
1,1551,16,Vermelho,Vitória,225
1,1552,32,Vermelho,Vitória,230
1,1553,2,Preto,Derrota,225
1,1554,13,Preto,Derrota,220
1,1555,16,Vermelho,Vitória,225
1,1556,31,Preto,Derrota,220
1,1557,24,Preto,Derrota,215
1,1558,16,Vermelho,Vitória,220
1,1559,3,Vermelho,Vitória,225
1,1560,4,Preto,Derrota,220
1,1561,13,Preto,Derrota,215
1,1562,22,Preto,Derrota,210
1,1563,10,Preto,Derrota,205
1,1564,8,Preto,Derrota,200
1,1565,2,Preto,Derrota,195
1,1566,0,Verde,Derrota,190
1,1567,10,Preto,Derrota,185
1,1568,30,Vermelho,Vitória,190
1,1569,34,Vermelho,Vitória,195
1,1570,36,Vermelho,Vitória,200
1,1571,18,Vermelho,Vitória,205
1,1572,8,Preto,Derrota,200
1,1573,13,Preto,Derrota,195
1,1574,35,Preto,Derrota,190
1,1575,5,Vermelho,Vitória,195
1,1576,5,Vermelho,Vitória,200
1,1577,25,Vermelho,Vitória,205
1,1578,2,Preto,Derrota,200
1,1579,21,Vermelho,Vitória,205
1,1580,31,Preto,Derrota,200
1,1581,26,Preto,Derrota,195
1,1582,16,Vermelho,Vitória,200
1,1583,27,Vermelho,Vitória,205
1,1584,26,Preto,Derrota,200
1,1585,32,Vermelho,Vitória,205
1,1586,5,Vermelho,Vitória,210
1,1587,4,Preto,Derrota,205
1,1588,9,Vermelho,Vitória,210
1,1589,25,Vermelho,Vitória,215
1,1590,31,Preto,Derrota,210
1,1591,22,Preto,Derrota,205
1,1592,12,Vermelho,Vitória,210
1,1593,2,Preto,Derrota,205
1,1594,11,Preto,Derrota,200
1,1595,1,Vermelho,Vitória,205
1,1596,8,Preto,Derrota,200
1,1597,34,Vermelho,Vitória,205
1,1598,28,Preto,Derrota,200
1,1599,33,Preto,Derrota,195
1,1600,9,Vermelho,Vitória,200
1,1601,9,Vermelho,Vitória,205
1,1602,9,Vermelho,Vitória,210
1,1603,3,Vermelho,Vitória,215
1,1604,13,Preto,Derrota,210
1,1605,24,Preto,Derrota,205
1,1606,2,Preto,Derrota,200
1,1607,35,Preto,Derrota,195
1,1608,36,Vermelho,Vitória,200
1,1609,33,Preto,Derrota,195
1,1610,21,Vermelho,Vitória,200
1,1611,32,Vermelho,Vitória,205
1,1612,5,Vermelho,Vitória,210
1,1613,31,Preto,Derrota,205
1,1614,23,Vermelho,Vitória,210
1,1615,28,Preto,Derrota,205
1,1616,24,Preto,Derrota,200
1,1617,31,Preto,Derrota,195
1,1618,13,Preto,Derrota,190
1,1619,22,Preto,Derrota,185
1,1620,30,Vermelho,Vitória,190
1,1621,6,Preto,Derrota,185
1,1622,23,Vermelho,Vitória,190
1,1623,25,Vermelho,Vitória,195
1,1624,4,Preto,Derrota,190
1,1625,14,Vermelho,Vitória,195
1,1626,11,Preto,Derrota,190
1,1627,21,Vermelho,Vitória,195
1,1628,15,Preto,Derrota,190
1,1629,36,Vermelho,Vitória,195
1,1630,15,Preto,Derrota,190
1,1631,25,Vermelho,Vitória,195
1,1632,7,Vermelho,Vitória,200
1,1633,20,Preto,Derrota,195
1,1634,14,Vermelho,Vitória,200
1,1635,21,Vermelho,Vitória,205
1,1636,18,Vermelho,Vitória,210
1,1637,16,Vermelho,Vitória,215
1,1638,10,Preto,Derrota,210
1,1639,7,Vermelho,Vitória,215
1,1640,33,Preto,Derrota,210
1,1641,31,Preto,Derrota,205
1,1642,6,Preto,Derrota,200
1,1643,20,Preto,Derrota,195
1,1644,36,Vermelho,Vitória,200
1,1645,26,Preto,Derrota,195
1,1646,25,Vermelho,Vitória,200
1,1647,35,Preto,Derrota,195
1,1648,32,Vermelho,Vitória,200
1,1649,1,Vermelho,Vitória,205
1,1650,8,Preto,Derrota,200
1,1651,32,Vermelho,Vitória,205
1,1652,26,Preto,Derrota,200
1,1653,13,Preto,Derrota,195
1,1654,7,Vermelho,Vitória,200
1,1655,23,Vermelho,Vitória,205
1,1656,28,Preto,Derrota,200
1,1657,31,Preto,Derrota,195
1,1658,8,Preto,Derrota,190
1,1659,28,Preto,Derrota,185
1,1660,34,Vermelho,Vitória,190
1,1661,8,Preto,Derrota,185
1,1662,2,Preto,Derrota,180
1,1663,2,Preto,Derrota,175
1,1664,19,Vermelho,Vitória,180
1,1665,9,Vermelho,Vitória,185
1,1666,23,Vermelho,Vitória,190
1,1667,4,Preto,Derrota,185
1,1668,29,Preto,Derrota,180
1,1669,6,Preto,Derrota,175
1,1670,26,Preto,Derrota,170
1,1671,34,Vermelho,Vitória,175
1,1672,3,Vermelho,Vitória,180
1,1673,12,Vermelho,Vitória,185
1,1674,10,Preto,Derrota,180
1,1675,19,Vermelho,Vitória,185
1,1676,31,Preto,Derrota,180
1,1677,30,Vermelho,Vitória,185
1,1678,2,Preto,Derrota,180
1,1679,4,Preto,Derrota,175
1,1680,33,Preto,Derrota,170
1,1681,26,Preto,Derrota,165
1,1682,22,Preto,Derrota,160
1,1683,5,Vermelho,Vitória,165
1,1684,3,Vermelho,Vitória,170
1,1685,9,Vermelho,Vitória,175
1,1686,0,Verde,Derrota,170
1,1687,35,Preto,Derrota,165
1,1688,1,Vermelho,Vitória,170
1,1689,6,Preto,Derrota,165
1,1690,35,Preto,Derrota,160
1,1691,0,Verde,Derrota,155
1,1692,34,Vermelho,Vitória,160
1,1693,30,Vermelho,Vitória,165
1,1694,31,Preto,Derrota,160
1,1695,28,Preto,Derrota,155
1,1696,19,Vermelho,Vitória,160
1,1697,8,Preto,Derrota,155
1,1698,6,Preto,Derrota,150
1,1699,21,Vermelho,Vitória,155
1,1700,32,Vermelho,Vitória,160
1,1701,35,Preto,Derrota,155
1,1702,12,Vermelho,Vitória,160
1,1703,22,Preto,Derrota,155
1,1704,2,Preto,Derrota,150
1,1705,36,Vermelho,Vitória,155
1,1706,4,Preto,Derrota,150
1,1707,7,Vermelho,Vitória,155
1,1708,34,Vermelho,Vitória,160
1,1709,14,Vermelho,Vitória,165
1,1710,23,Vermelho,Vitória,170
1,1711,26,Preto,Derrota,165
1,1712,27,Vermelho,Vitória,170
1,1713,13,Preto,Derrota,165
1,1714,22,Preto,Derrota,160
1,1715,2,Preto,Derrota,155
1,1716,8,Preto,Derrota,150
1,1717,27,Vermelho,Vitória,155
1,1718,3,Vermelho,Vitória,160
1,1719,35,Preto,Derrota,155
1,1720,35,Preto,Derrota,150
1,1721,2,Preto,Derrota,145
1,1722,8,Preto,Derrota,140
1,1723,10,Preto,Derrota,135
1,1724,12,Vermelho,Vitória,140
1,1725,23,Vermelho,Vitória,145
1,1726,7,Vermelho,Vitória,150
1,1727,26,Preto,Derrota,145
1,1728,12,Vermelho,Vitória,150
1,1729,26,Preto,Derrota,145
1,1730,4,Preto,Derrota,140
1,1731,30,Vermelho,Vitória,145
1,1732,27,Vermelho,Vitória,150
1,1733,10,Preto,Derrota,145
1,1734,24,Preto,Derrota,140
1,1735,18,Vermelho,Vitória,145
1,1736,28,Preto,Derrota,140
1,1737,6,Preto,Derrota,135
1,1738,15,Preto,Derrota,130
1,1739,16,Vermelho,Vitória,135
1,1740,12,Vermelho,Vitória,140
1,1741,11,Preto,Derrota,135
1,1742,15,Preto,Derrota,130
1,1743,30,Vermelho,Vitória,135
1,1744,24,Preto,Derrota,130
1,1745,2,Preto,Derrota,125
1,1746,32,Vermelho,Vitória,130
1,1747,4,Preto,Derrota,125
1,1748,24,Preto,Derrota,120
1,1749,34,Vermelho,Vitória,125
1,1750,27,Vermelho,Vitória,130
1,1751,0,Verde,Derrota,125
1,1752,33,Preto,Derrota,120
1,1753,19,Vermelho,Vitória,125
1,1754,26,Preto,Derrota,120
1,1755,14,Vermelho,Vitória,125
1,1756,28,Preto,Derrota,120
1,1757,7,Vermelho,Vitória,125
1,1758,28,Preto,Derrota,120
1,1759,7,Vermelho,Vitória,125
1,1760,17,Preto,Derrota,120
1,1761,32,Vermelho,Vitória,125
1,1762,29,Preto,Derrota,120
1,1763,0,Verde,Derrota,115
1,1764,36,Vermelho,Vitória,120
1,1765,31,Preto,Derrota,115
1,1766,32,Vermelho,Vitória,120
1,1767,13,Preto,Derrota,115
1,1768,15,Preto,Derrota,110
1,1769,3,Vermelho,Vitória,115
1,1770,0,Verde,Derrota,110
1,1771,0,Verde,Derrota,105
1,1772,32,Vermelho,Vitória,110
1,1773,0,Verde,Derrota,105
1,1774,20,Preto,Derrota,100
1,1775,8,Preto,Derrota,95
1,1776,6,Preto,Derrota,90
1,1777,5,Vermelho,Vitória,95
1,1778,25,Vermelho,Vitória,100
1,1779,26,Preto,Derrota,95
1,1780,30,Vermelho,Vitória,100
1,1781,27,Vermelho,Vitória,105
1,1782,32,Vermelho,Vitória,110
1,1783,9,Vermelho,Vitória,115
1,1784,18,Vermelho,Vitória,120
1,1785,9,Vermelho,Vitória,125
1,1786,7,Vermelho,Vitória,130
1,1787,14,Vermelho,Vitória,135
1,1788,17,Preto,Derrota,130
1,1789,34,Vermelho,Vitória,135
1,1790,26,Preto,Derrota,130
1,1791,8,Preto,Derrota,125
1,1792,20,Preto,Derrota,120
1,1793,15,Preto,Derrota,115
1,1794,16,Vermelho,Vitória,120
1,1795,36,Vermelho,Vitória,125
1,1796,35,Preto,Derrota,120
1,1797,1,Vermelho,Vitória,125
1,1798,34,Vermelho,Vitória,130
1,1799,32,Vermelho,Vitória,135
1,1800,21,Vermelho,Vitória,140
1,1801,12,Vermelho,Vitória,145
1,1802,26,Preto,Derrota,140
1,1803,22,Preto,Derrota,135
1,1804,5,Vermelho,Vitória,140
1,1805,36,Vermelho,Vitória,145
1,1806,23,Vermelho,Vitória,150
1,1807,27,Vermelho,Vitória,155
1,1808,18,Vermelho,Vitória,160
1,1809,31,Preto,Derrota,155
1,1810,30,Vermelho,Vitória,160
1,1811,0,Verde,Derrota,155
1,1812,34,Vermelho,Vitória,160
1,1813,21,Vermelho,Vitória,165
1,1814,34,Vermelho,Vitória,170
1,1815,24,Preto,Derrota,165
1,1816,15,Preto,Derrota,160
1,1817,9,Vermelho,Vitória,165
1,1818,0,Verde,Derrota,160
1,1819,22,Preto,Derrota,155
1,1820,11,Preto,Derrota,150
1,1821,27,Vermelho,Vitória,155
1,1822,0,Verde,Derrota,150
1,1823,27,Vermelho,Vitória,155
1,1824,20,Preto,Derrota,150
1,1825,30,Vermelho,Vitória,155
1,1826,14,Vermelho,Vitória,160
1,1827,14,Vermelho,Vitória,165
1,1828,18,Vermelho,Vitória,170
1,1829,34,Vermelho,Vitória,175
1,1830,1,Vermelho,Vitória,180
1,1831,17,Preto,Derrota,175
1,1832,18,Vermelho,Vitória,180
1,1833,31,Preto,Derrota,175
1,1834,18,Vermelho,Vitória,180
1,1835,32,Vermelho,Vitória,185
1,1836,16,Vermelho,Vitória,190
1,1837,6,Preto,Derrota,185
1,1838,29,Preto,Derrota,180
1,1839,25,Vermelho,Vitória,185
1,1840,1,Vermelho,Vitória,190
1,1841,34,Vermelho,Vitória,195
1,1842,20,Preto,Derrota,190
1,1843,13,Preto,Derrota,185
1,1844,23,Vermelho,Vitória,190
1,1845,23,Vermelho,Vitória,195
1,1846,6,Preto,Derrota,190
1,1847,11,Preto,Derrota,185
1,1848,21,Vermelho,Vitória,190
1,1849,7,Vermelho,Vitória,195
1,1850,10,Preto,Derrota,190
1,1851,10,Preto,Derrota,185
1,1852,19,Vermelho,Vitória,190
1,1853,25,Vermelho,Vitória,195
1,1854,24,Preto,Derrota,190
1,1855,24,Preto,Derrota,185
1,1856,1,Vermelho,Vitória,190
1,1857,23,Vermelho,Vitória,195
1,1858,13,Preto,Derrota,190
1,1859,5,Vermelho,Vitória,195
1,1860,34,Vermelho,Vitória,200
1,1861,29,Preto,Derrota,195
1,1862,20,Preto,Derrota,190
1,1863,26,Preto,Derrota,185
1,1864,5,Vermelho,Vitória,190
1,1865,0,Verde,Derrota,185
1,1866,32,Vermelho,Vitória,190
1,1867,9,Vermelho,Vitória,195
1,1868,31,Preto,Derrota,190
1,1869,4,Preto,Derrota,185
1,1870,5,Vermelho,Vitória,190
1,1871,9,Vermelho,Vitória,195
1,1872,25,Vermelho,Vitória,200
1,1873,6,Preto,Derrota,195
1,1874,0,Verde,Derrota,190
1,1875,4,Preto,Derrota,185
1,1876,2,Preto,Derrota,180
1,1877,13,Preto,Derrota,175
1,1878,36,Vermelho,Vitória,180
1,1879,1,Vermelho,Vitória,185
1,1880,19,Vermelho,Vitória,190
1,1881,11,Preto,Derrota,185
1,1882,29,Preto,Derrota,180
1,1883,15,Preto,Derrota,175
1,1884,8,Preto,Derrota,170
1,1885,4,Preto,Derrota,165
1,1886,31,Preto,Derrota,160
1,1887,3,Vermelho,Vitória,165
1,1888,19,Vermelho,Vitória,170
1,1889,25,Vermelho,Vitória,175
1,1890,10,Preto,Derrota,170
1,1891,5,Vermelho,Vitória,175
1,1892,1,Vermelho,Vitória,180
1,1893,22,Preto,Derrota,175
1,1894,11,Preto,Derrota,170
1,1895,31,Preto,Derrota,165
1,1896,33,Preto,Derrota,160
1,1897,20,Preto,Derrota,155
1,1898,31,Preto,Derrota,150
1,1899,27,Vermelho,Vitória,155
1,1900,33,Preto,Derrota,150
1,1901,22,Preto,Derrota,145
1,1902,14,Vermelho,Vitória,150
1,1903,3,Vermelho,Vitória,155
1,1904,1,Vermelho,Vitória,160
1,1905,30,Vermelho,Vitória,165
1,1906,10,Preto,Derrota,160
1,1907,28,Preto,Derrota,155
1,1908,21,Vermelho,Vitória,160
1,1909,18,Vermelho,Vitória,165
1,1910,9,Vermelho,Vitória,170
1,1911,13,Preto,Derrota,165
1,1912,15,Preto,Derrota,160
1,1913,20,Preto,Derrota,155
1,1914,20,Preto,Derrota,150
1,1915,8,Preto,Derrota,145
1,1916,19,Vermelho,Vitória,150
1,1917,4,Preto,Derrota,145
1,1918,3,Vermelho,Vitória,150
1,1919,20,Preto,Derrota,145
1,1920,1,Vermelho,Vitória,150
1,1921,22,Preto,Derrota,145
1,1922,26,Preto,Derrota,140
1,1923,35,Preto,Derrota,135
1,1924,20,Preto,Derrota,130
1,1925,26,Preto,Derrota,125
1,1926,4,Preto,Derrota,120
1,1927,0,Verde,Derrota,115
1,1928,22,Preto,Derrota,110
1,1929,26,Preto,Derrota,105
1,1930,4,Preto,Derrota,100
1,1931,27,Vermelho,Vitória,105
1,1932,30,Vermelho,Vitória,110
1,1933,35,Preto,Derrota,105
1,1934,36,Vermelho,Vitória,110
1,1935,31,Preto,Derrota,105
1,1936,11,Preto,Derrota,100
1,1937,23,Vermelho,Vitória,105
1,1938,16,Vermelho,Vitória,110
1,1939,19,Vermelho,Vitória,115
1,1940,28,Preto,Derrota,110
1,1941,26,Preto,Derrota,105
1,1942,33,Preto,Derrota,100
1,1943,10,Preto,Derrota,95
1,1944,18,Vermelho,Vitória,100
1,1945,10,Preto,Derrota,95
1,1946,29,Preto,Derrota,90
1,1947,10,Preto,Derrota,85
1,1948,3,Vermelho,Vitória,90
1,1949,33,Preto,Derrota,85
1,1950,36,Vermelho,Vitória,90
1,1951,7,Vermelho,Vitória,95
1,1952,5,Vermelho,Vitória,100
1,1953,23,Vermelho,Vitória,105
1,1954,25,Vermelho,Vitória,110
1,1955,27,Vermelho,Vitória,115
1,1956,0,Verde,Derrota,110
1,1957,27,Vermelho,Vitória,115
1,1958,21,Vermelho,Vitória,120
1,1959,3,Vermelho,Vitória,125
1,1960,2,Preto,Derrota,120
1,1961,4,Preto,Derrota,115
1,1962,20,Preto,Derrota,110
1,1963,8,Preto,Derrota,105
1,1964,16,Vermelho,Vitória,110
1,1965,32,Vermelho,Vitória,115
1,1966,18,Vermelho,Vitória,120
1,1967,17,Preto,Derrota,115
1,1968,12,Vermelho,Vitória,120
1,1969,1,Vermelho,Vitória,125
1,1970,24,Preto,Derrota,120
1,1971,8,Preto,Derrota,115
1,1972,20,Preto,Derrota,110
1,1973,7,Vermelho,Vitória,115
1,1974,5,Vermelho,Vitória,120
1,1975,22,Preto,Derrota,115
1,1976,17,Preto,Derrota,110
1,1977,31,Preto,Derrota,105
1,1978,0,Verde,Derrota,100
1,1979,31,Preto,Derrota,95
1,1980,13,Preto,Derrota,90
1,1981,17,Preto,Derrota,85
1,1982,2,Preto,Derrota,80
1,1983,14,Vermelho,Vitória,85
1,1984,20,Preto,Derrota,80
1,1985,24,Preto,Derrota,75
1,1986,0,Verde,Derrota,70
1,1987,4,Preto,Derrota,65
1,1988,9,Vermelho,Vitória,70
1,1989,5,Vermelho,Vitória,75
1,1990,34,Vermelho,Vitória,80
1,1991,12,Vermelho,Vitória,85
1,1992,16,Vermelho,Vitória,90
1,1993,28,Preto,Derrota,85
1,1994,8,Preto,Derrota,80
1,1995,20,Preto,Derrota,75
1,1996,24,Preto,Derrota,70
1,1997,18,Vermelho,Vitória,75
1,1998,27,Vermelho,Vitória,80
1,1999,7,Vermelho,Vitória,85
1,2000,24,Preto,Derrota,80
1,2001,28,Preto,Derrota,75
1,2002,10,Preto,Derrota,70
1,2003,25,Vermelho,Vitória,75
1,2004,25,Vermelho,Vitória,80
1,2005,20,Preto,Derrota,75
1,2006,20,Preto,Derrota,70
1,2007,23,Vermelho,Vitória,75
1,2008,22,Preto,Derrota,70
1,2009,35,Preto,Derrota,65
1,2010,36,Vermelho,Vitória,70
1,2011,9,Vermelho,Vitória,75
1,2012,24,Preto,Derrota,70
1,2013,26,Preto,Derrota,65
1,2014,10,Preto,Derrota,60
1,2015,12,Vermelho,Vitória,65
1,2016,8,Preto,Derrota,60
1,2017,13,Preto,Derrota,55
1,2018,35,Preto,Derrota,50
1,2019,26,Preto,Derrota,45
1,2020,35,Preto,Derrota,40
1,2021,16,Vermelho,Vitória,45
1,2022,11,Preto,Derrota,40
1,2023,22,Preto,Derrota,35
1,2024,6,Preto,Derrota,30
1,2025,29,Preto,Derrota,25
1,2026,8,Preto,Derrota,20
1,2027,17,Preto,Derrota,15
1,2028,10,Preto,Derrota,10
1,2029,29,Preto,Derrota,5
1,2030,25,Vermelho,Vitória,10
1,2031,9,Vermelho,Vitória,15
1,2032,34,Vermelho,Vitória,20
1,2033,14,Vermelho,Vitória,25
1,2034,32,Vermelho,Vitória,30
1,2035,0,Verde,Derrota,25
1,2036,34,Vermelho,Vitória,30
1,2037,20,Preto,Derrota,25
1,2038,24,Preto,Derrota,20
1,2039,32,Vermelho,Vitória,25
1,2040,8,Preto,Derrota,20
1,2041,4,Preto,Derrota,15
1,2042,30,Vermelho,Vitória,20
1,2043,12,Vermelho,Vitória,25
1,2044,1,Vermelho,Vitória,30
1,2045,30,Vermelho,Vitória,35
1,2046,25,Vermelho,Vitória,40
1,2047,9,Vermelho,Vitória,45
1,2048,24,Preto,Derrota,40
1,2049,19,Vermelho,Vitória,45
1,2050,15,Preto,Derrota,40
1,2051,29,Preto,Derrota,35
1,2052,24,Preto,Derrota,30
1,2053,19,Vermelho,Vitória,35
1,2054,31,Preto,Derrota,30
1,2055,9,Vermelho,Vitória,35
1,2056,16,Vermelho,Vitória,40
1,2057,14,Vermelho,Vitória,45
1,2058,30,Vermelho,Vitória,50
1,2059,8,Preto,Derrota,45
1,2060,9,Vermelho,Vitória,50
1,2061,24,Preto,Derrota,45
1,2062,34,Vermelho,Vitória,50
1,2063,13,Preto,Derrota,45
1,2064,28,Preto,Derrota,40
1,2065,21,Vermelho,Vitória,45
1,2066,1,Vermelho,Vitória,50
1,2067,5,Vermelho,Vitória,55
1,2068,16,Vermelho,Vitória,60
1,2069,13,Preto,Derrota,55
1,2070,2,Preto,Derrota,50
1,2071,19,Vermelho,Vitória,55
1,2072,28,Preto,Derrota,50
1,2073,23,Vermelho,Vitória,55
1,2074,3,Vermelho,Vitória,60
1,2075,15,Preto,Derrota,55
1,2076,24,Preto,Derrota,50
1,2077,11,Preto,Derrota,45
1,2078,10,Preto,Derrota,40
1,2079,23,Vermelho,Vitória,45
1,2080,26,Preto,Derrota,40
1,2081,29,Preto,Derrota,35
1,2082,32,Vermelho,Vitória,40
1,2083,27,Vermelho,Vitória,45
1,2084,6,Preto,Derrota,40
1,2085,23,Vermelho,Vitória,45
1,2086,12,Vermelho,Vitória,50
1,2087,32,Vermelho,Vitória,55
1,2088,29,Preto,Derrota,50
1,2089,28,Preto,Derrota,45
1,2090,4,Preto,Derrota,40
1,2091,7,Vermelho,Vitória,45
1,2092,13,Preto,Derrota,40
1,2093,17,Preto,Derrota,35
1,2094,34,Vermelho,Vitória,40
1,2095,20,Preto,Derrota,35
1,2096,17,Preto,Derrota,30
1,2097,14,Vermelho,Vitória,35
1,2098,34,Vermelho,Vitória,40
1,2099,4,Preto,Derrota,35
1,2100,7,Vermelho,Vitória,40
1,2101,5,Vermelho,Vitória,45
1,2102,19,Vermelho,Vitória,50
1,2103,11,Preto,Derrota,45
1,2104,21,Vermelho,Vitória,50
1,2105,10,Preto,Derrota,45
1,2106,1,Vermelho,Vitória,50
1,2107,11,Preto,Derrota,45
1,2108,31,Preto,Derrota,40
1,2109,32,Vermelho,Vitória,45
1,2110,24,Preto,Derrota,40
1,2111,32,Vermelho,Vitória,45
1,2112,19,Vermelho,Vitória,50
1,2113,0,Verde,Derrota,45
1,2114,22,Preto,Derrota,40
1,2115,5,Vermelho,Vitória,45
1,2116,5,Vermelho,Vitória,50
1,2117,24,Preto,Derrota,45
1,2118,11,Preto,Derrota,40
1,2119,14,Vermelho,Vitória,45
1,2120,21,Vermelho,Vitória,50
1,2121,9,Vermelho,Vitória,55
1,2122,26,Preto,Derrota,50
1,2123,36,Vermelho,Vitória,55
1,2124,7,Vermelho,Vitória,60
1,2125,35,Preto,Derrota,55
1,2126,17,Preto,Derrota,50
1,2127,4,Preto,Derrota,45
1,2128,33,Preto,Derrota,40
1,2129,10,Preto,Derrota,35
1,2130,15,Preto,Derrota,30
1,2131,34,Vermelho,Vitória,35
1,2132,34,Vermelho,Vitória,40
1,2133,19,Vermelho,Vitória,45
1,2134,25,Vermelho,Vitória,50
1,2135,28,Preto,Derrota,45
1,2136,12,Vermelho,Vitória,50
1,2137,17,Preto,Derrota,45
1,2138,6,Preto,Derrota,40
1,2139,36,Vermelho,Vitória,45
1,2140,19,Vermelho,Vitória,50
1,2141,36,Vermelho,Vitória,55
1,2142,29,Preto,Derrota,50
1,2143,10,Preto,Derrota,45
1,2144,1,Vermelho,Vitória,50
1,2145,18,Vermelho,Vitória,55
1,2146,17,Preto,Derrota,50
1,2147,36,Vermelho,Vitória,55
1,2148,21,Vermelho,Vitória,60
1,2149,3,Vermelho,Vitória,65
1,2150,29,Preto,Derrota,60
1,2151,9,Vermelho,Vitória,65
1,2152,8,Preto,Derrota,60
1,2153,7,Vermelho,Vitória,65
1,2154,28,Preto,Derrota,60
1,2155,22,Preto,Derrota,55
1,2156,11,Preto,Derrota,50
1,2157,11,Preto,Derrota,45
1,2158,3,Vermelho,Vitória,50
1,2159,13,Preto,Derrota,45
1,2160,8,Preto,Derrota,40
1,2161,35,Preto,Derrota,35
1,2162,15,Preto,Derrota,30
1,2163,36,Vermelho,Vitória,35
1,2164,25,Vermelho,Vitória,40
1,2165,25,Vermelho,Vitória,45
1,2166,17,Preto,Derrota,40
1,2167,22,Preto,Derrota,35
1,2168,10,Preto,Derrota,30
1,2169,22,Preto,Derrota,25
1,2170,0,Verde,Derrota,20
1,2171,31,Preto,Derrota,15
1,2172,15,Preto,Derrota,10
1,2173,27,Vermelho,Vitória,15
1,2174,20,Preto,Derrota,10
1,2175,34,Vermelho,Vitória,15
1,2176,18,Vermelho,Vitória,20
1,2177,21,Vermelho,Vitória,25
1,2178,2,Preto,Derrota,20
1,2179,19,Vermelho,Vitória,25
1,2180,21,Vermelho,Vitória,30
1,2181,31,Preto,Derrota,25
1,2182,23,Vermelho,Vitória,30
1,2183,35,Preto,Derrota,25
1,2184,33,Preto,Derrota,20
1,2185,14,Vermelho,Vitória,25
1,2186,27,Vermelho,Vitória,30
1,2187,1,Vermelho,Vitória,35
1,2188,6,Preto,Derrota,30
1,2189,3,Vermelho,Vitória,35
1,2190,9,Vermelho,Vitória,40
1,2191,27,Vermelho,Vitória,45
1,2192,6,Preto,Derrota,40
1,2193,22,Preto,Derrota,35
1,2194,6,Preto,Derrota,30
1,2195,18,Vermelho,Vitória,35
1,2196,15,Preto,Derrota,30
1,2197,5,Vermelho,Vitória,35
1,2198,14,Vermelho,Vitória,40
1,2199,19,Vermelho,Vitória,45
1,2200,17,Preto,Derrota,40
1,2201,18,Vermelho,Vitória,45
1,2202,31,Preto,Derrota,40
1,2203,29,Preto,Derrota,35
1,2204,17,Preto,Derrota,30
1,2205,7,Vermelho,Vitória,35
1,2206,29,Preto,Derrota,30
1,2207,10,Preto,Derrota,25
1,2208,31,Preto,Derrota,20
1,2209,22,Preto,Derrota,15
1,2210,31,Preto,Derrota,10
1,2211,6,Preto,Derrota,5
1,2212,20,Preto,Derrota,0
