experimento,jogador,tempo_sobrevivencia,banca_inicial,banca_final,maior_banca,falencia
1,1_1,234,1000,0,1050,True
1,1_2,392,1000,0,1400,True
1,1_3,152,1000,0,1000,True
1,1_4,196,1000,0,1000,True
1,1_5,168,1000,0,1200,True
1,1_6,1910,1000,0,2500,True
1,1_7,1026,1000,0,1850,True
1,1_8,660,1000,0,1800,True
1,1_9,66,1000,0,1000,True
1,1_10,2172,1000,0,2850,True
1,1_11,368,1000,0,1500,True
1,1_12,82,1000,0,1050,True
1,1_13,162,1000,0,1100,True
1,1_14,732,1000,0,1900,True
1,1_15,4296,1000,0,6000,True
1,1_16,116,1000,0,1200,True
1,1_17,118,1000,0,1000,True
1,1_18,260,1000,0,1550,True
1,1_19,108,1000,0,1100,True
1,1_20,112,1000,0,1100,True
1,1_21,980,1000,0,1950,True
1,1_22,988,1000,0,2250,True
1,1_23,184,1000,0,1150,True
1,1_24,120,1000,0,1150,True
1,1_25,110,1000,0,1000,True
1,1_26,388,1000,0,1300,True
1,1_27,108,1000,0,1100,True
1,1_28,628,1000,0,1500,True
1,1_29,100,1000,0,1000,True
1,1_30,220,1000,0,1200,True
1,1_31,362,1000,0,1950,True
1,1_32,140,1000,0,1050,True
1,1_33,352,1000,0,1050,True
1,1_34,414,1000,0,1150,True
1,1_35,96,1000,0,1050,True
1,1_36,372,1000,0,1700,True
1,1_37,528,1000,0,1250,True
1,1_38,294,1000,0,1700,True
1,1_39,202,1000,0,1100,True
1,1_40,588,1000,0,2050,True
1,1_41,2670,1000,0,3750,True
1,1_42,2708,1000,0,4200,True
1,1_43,794,1000,0,2400,True
1,1_44,310,1000,0,1300,True
1,1_45,104,1000,0,1050,True
1,1_46,374,1000,0,1500,True
1,1_47,1322,1000,0,1550,True
1,1_48,782,1000,0,2000,True
1,1_49,252,1000,0,1300,True
1,1_50,408,1000,0,1050,True
1,1_51,368,1000,0,1400,True
1,1_52,440,1000,0,1600,True
1,1_53,116,1000,0,1200,True
1,1_54,318,1000,0,1200,True
1,1_55,106,1000,0,1000,True
1,1_56,236,1000,0,1250,True
1,1_57,494,1000,0,1350,True
1,1_58,310,1000,0,1550,True
1,1_59,726,1000,0,2000,True
1,1_60,900,1000,0,2550,True
1,1_61,460,1000,0,1750,True
1,1_62,224,1000,0,1200,True
1,1_63,688,1000,0,1600,True
1,1_64,108,1000,0,1100,True
1,1_65,302,1000,0,2050,True
1,1_66,328,1000,0,1400,True
1,1_67,168,1000,0,1150,True
1,1_68,202,1000,0,1250,True
1,1_69,2336,1000,0,2250,True
1,1_70,152,1000,0,1350,True
1,1_71,86,1000,0,1200,True
1,1_72,454,1000,0,1450,True
1,1_73,304,1000,0,1600,True
1,1_74,1134,1000,0,2200,True
1,1_75,1304,1000,0,3550,True
1,1_76,906,1000,0,2350,True
1,1_77,252,1000,0,1300,True
1,1_78,404,1000,0,1350,True
1,1_79,406,1000,0,1550,True
1,1_80,2736,1000,0,4100,True
1,1_81,228,1000,0,1400,True
1,1_82,106,1000,0,1000,True
1,1_83,608,1000,0,2300,True
1,1_84,614,1000,0,1850,True
1,1_85,4200,1000,0,3600,True
1,1_86,120,1000,0,1000,True
1,1_87,372,1000,0,1200,True
1,1_88,2478,1000,0,2800,True
1,1_89,554,1000,0,1600,True
1,1_90,1850,1000,0,2750,True
1,1_91,1584,1000,0,1800,True
1,1_92,204,1000,0,1250,True
1,1_93,1810,1000,0,2750,True
1,1_94,1164,1000,0,2800,True
1,1_95,256,1000,0,1750,True
1,1_96,702,1000,0,1050,True
1,1_97,458,1000,0,1550,True
1,1_98,184,1000,0,1050,True
1,1_99,832,1000,0,1250,True
1,1_100,1352,1000,0,2050,True
1,1_101,182,1000,0,1150,True
1,1_102,324,1000,0,1400,True
1,1_103,450,1000,0,1500,True
1,1_104,3290,1000,0,4050,True
1,1_105,564,1000,0,1600,True
1,1_106,124,1000,0,1050,True
1,1_107,76,1000,0,1150,True
1,1_108,134,1000,0,1300,True
1,1_109,3440,1000,0,2500,True
1,1_110,358,1000,0,1350,True
1,1_111,456,1000,0,1150,True
1,1_112,1330,1000,0,4650,True
1,1_113,332,1000,0,2000,True
1,1_114,284,1000,0,1700,True
1,1_115,220,1000,0,1150,True
1,1_116,312,1000,0,1250,True
1,1_117,578,1000,0,1650,True
1,1_118,3706,1000,0,4300,True
1,1_119,568,1000,0,1300,True
1,1_120,2914,1000,0,3200,True
1,1_121,864,1000,0,1550,True
1,1_122,128,1000,0,1250,True
1,1_123,492,1000,0,1650,True
1,1_124,464,1000,0,1300,True
1,1_125,90,1000,0,1000,True
1,1_126,298,1000,0,1200,True
1,1_127,90,1000,0,1150,True
1,1_128,92,1000,0,1350,True
1,1_129,88,1000,0,1050,True
1,1_130,226,1000,0,1500,True
1,1_131,1184,1000,0,2350,True
1,1_132,420,1000,0,1700,True
1,1_133,94,1000,0,1050,True
1,1_134,66,1000,0,1200,True
1,1_135,70,1000,0,1200,True
1,1_136,1254,1000,0,2300,True
1,1_137,358,1000,0,1100,True
1,1_138,574,1000,0,1600,True
1,1_139,182,1000,0,1050,True
1,1_140,492,1000,0,1400,True
1,1_141,682,1000,0,1300,True
1,1_142,2022,1000,0,2200,True
1,1_143,3686,1000,0,5250,True
1,1_144,216,1000,0,1200,True
1,1_145,194,1000,0,1000,True
1,1_146,472,1000,0,1250,True
1,1_147,278,1000,0,1050,True
1,1_148,258,1000,0,1450,True
1,1_149,148,1000,0,1050,True
1,1_150,432,1000,0,1250,True
1,1_151,548,1000,0,1350,True
1,1_152,3002,1000,0,2650,True
1,1_153,182,1000,0,1150,True
1,1_154,870,1000,0,1750,True
1,1_155,120,1000,0,1150,True
1,1_156,404,1000,0,1650,True
1,1_157,116,1000,0,1000,True
1,1_158,844,1000,0,1350,True
1,1_159,90,1000,0,1000,True
1,1_160,198,1000,0,1300,True
1,1_161,174,1000,0,1250,True
1,1_162,2926,1000,0,3700,True
1,1_163,106,1000,0,1200,True
1,1_164,148,1000,0,1150,True
1,1_165,2316,1000,0,1950,True
1,1_166,440,1000,0,1300,True
1,1_167,130,1000,0,1300,True
1,1_168,198,1000,0,1600,True
1,1_169,182,1000,0,1400,True
1,1_170,168,1000,0,1050,True
1,1_171,422,1000,0,2000,True
1,1_172,786,1000,0,1900,True
1,1_173,212,1000,0,1200,True
1,1_174,712,1000,0,1000,True
1,1_175,540,1000,0,1550,True
1,1_176,408,1000,0,1250,True
1,1_177,216,1000,0,1150,True
1,1_178,188,1000,0,1050,True
1,1_179,542,1000,0,1550,True
1,1_180,740,1000,0,2800,True
1,1_181,1338,1000,0,2650,True
1,1_182,510,1000,0,2250,True
1,1_183,156,1000,0,1150,True
1,1_184,320,1000,0,1550,True
1,1_185,1082,1000,0,2250,True
1,1_186,370,1000,0,1900,True
1,1_187,590,1000,0,1800,True
1,1_188,976,1000,0,2000,True
1,1_189,86,1000,0,1200,True
1,1_190,1172,1000,0,1700,True
1,1_191,410,1000,0,1050,True
1,1_192,374,1000,0,1300,True
1,1_193,88,1000,0,1000,True
1,1_194,228,1000,0,1050,True
1,1_195,976,1000,0,2350,True
1,1_196,568,1000,0,2600,True
1,1_197,136,1000,0,1150,True
1,1_198,280,1000,0,1400,True
1,1_199,86,1000,0,1150,True
1,1_200,92,1000,0,1000,True
1,1_201,2014,1000,0,2100,True
1,1_202,572,1000,0,1800,True
1,1_203,122,1000,0,1250,True
1,1_204,54,1000,0,1050,True
1,1_205,3842,1000,0,3750,True
1,1_206,202,1000,0,1100,True
1,1_207,430,1000,0,1450,True
1,1_208,68,1000,0,1000,True
1,1_209,430,1000,0,1850,True
1,1_210,2132,1000,0,3350,True
1,1_211,378,1000,0,1500,True
1,1_212,2654,1000,0,3300,True
1,1_213,92,1000,0,1000,True
1,1_214,630,1000,0,1800,True
1,1_215,904,1000,0,1650,True
1,1_216,1958,1000,0,2500,True
1,1_217,200,1000,0,1000,True
1,1_218,182,1000,0,1050,True
1,1_219,180,1000,0,1100,True
1,1_220,958,1000,0,2150,True
1,1_221,836,1000,0,2800,True
1,1_222,64,1000,0,1100,True
1,1_223,1150,1000,0,3500,True
1,1_224,460,1000,0,1650,True
1,1_225,110,1000,0,1200,True
1,1_226,330,1000,0,1050,True
1,1_227,190,1000,0,1000,True
1,1_228,2004,1000,0,3150,True
1,1_229,48,1000,0,1100,True
1,1_230,490,1000,0,1550,True
1,1_231,792,1000,0,2350,True
1,1_232,976,1000,0,1800,True
1,1_233,884,1000,0,1850,True
1,1_234,754,1000,0,1900,True
1,1_235,1630,1000,0,2250,True
1,1_236,354,1000,0,1500,True
1,1_237,248,1000,0,1250,True
1,1_238,398,1000,0,1150,True
1,1_239,206,1000,0,1100,True
1,1_240,396,1000,0,1300,True
1,1_241,782,1000,0,1600,True
1,1_242,906,1000,0,1300,True
1,1_243,1428,1000,0,1850,True
1,1_244,314,1000,0,1250,True
1,1_245,158,1000,0,1100,True
1,1_246,1380,1000,0,2800,True
1,1_247,514,1000,0,1250,True
1,1_248,1694,1000,0,2250,True
1,1_249,404,1000,0,1050,True
1,1_250,2390,1000,0,3500,True
1,1_251,706,1000,0,2100,True
1,1_252,1354,1000,0,2400,True
1,1_253,290,1000,0,1350,True
1,1_254,120,1000,0,1250,True
1,1_255,210,1000,0,1250,True
1,1_256,1356,1000,0,2850,True
1,1_257,588,1000,0,1900,True
1,1_258,734,1000,0,2650,True
1,1_259,1472,1000,0,2650,True
1,1_260,358,1000,0,1150,True
1,1_261,388,1000,0,1400,True
1,1_262,376,1000,0,1100,True
1,1_263,1850,1000,0,2200,True
1,1_264,782,1000,0,2500,True
1,1_265,188,1000,0,1050,True
1,1_266,52,1000,0,1050,True
1,1_267,264,1000,0,1100,True
1,1_268,1688,1000,0,3350,True
1,1_269,284,1000,0,1250,True
1,1_270,1992,1000,0,2550,True
1,1_271,604,1000,0,1600,True
1,1_272,432,1000,0,2350,True
1,1_273,160,1000,0,1100,True
1,1_274,544,1000,0,1650,True
1,1_275,476,1000,0,1700,True
1,1_276,1122,1000,0,1850,True
1,1_277,848,1000,0,1600,True
1,1_278,98,1000,0,1000,True
1,1_279,160,1000,0,1000,True
1,1_280,158,1000,0,1450,True
1,1_281,872,1000,0,1850,True
1,1_282,1554,1000,0,1800,True
1,1_283,204,1000,0,1100,True
1,1_284,868,1000,0,2100,True
1,1_285,236,1000,0,1450,True
1,1_286,462,1000,0,1700,True
1,1_287,588,1000,0,1700,True
1,1_288,176,1000,0,1000,True
1,1_289,302,1000,0,1550,True
1,1_290,2358,1000,0,4100,True
1,1_291,2794,1000,0,4200,True
1,1_292,168,1000,0,1550,True
1,1_293,174,1000,0,1050,True
1,1_294,952,1000,0,2250,True
1,1_295,444,1000,0,1750,True
1,1_296,460,1000,0,1850,True
1,1_297,302,1000,0,1250,True
1,1_298,6824,1000,0,4900,True
1,1_299,468,1000,0,1600,True
1,1_300,1086,1000,0,1950,True
1,1_301,358,1000,0,1350,True
1,1_302,862,1000,0,1850,True
1,1_303,106,1000,0,1000,True
1,1_304,268,1000,0,1150,True
1,1_305,1858,1000,0,2650,True
1,1_306,156,1000,0,1200,True
1,1_307,1468,1000,0,3650,True
1,1_308,572,1000,0,1700,True
1,1_309,3150,1000,0,2800,True
1,1_310,142,1000,0,1000,True
1,1_311,308,1000,0,1550,True
1,1_312,1836,1000,0,1850,True
1,1_313,94,1000,0,1000,True
1,1_314,216,1000,0,1100,True
1,1_315,1760,1000,0,3350,True
1,1_316,254,1000,0,1000,True
1,1_317,184,1000,0,1300,True
1,1_318,494,1000,0,1350,True
1,1_319,86,1000,0,1100,True
1,1_320,350,1000,0,1650,True
1,1_321,226,1000,0,1350,True
1,1_322,712,1000,0,1500,True
1,1_323,394,1000,0,1700,True
1,1_324,320,1000,0,1450,True
1,1_325,94,1000,0,1000,True
1,1_326,752,1000,0,1800,True
1,1_327,250,1000,0,1250,True
1,1_328,120,1000,0,1200,True
1,1_329,200,1000,0,1100,True
1,1_330,68,1000,0,1000,True
1,1_331,1038,1000,0,3400,True
1,1_332,1996,1000,0,2300,True
1,1_333,68,1000,0,1200,True
1,1_334,218,1000,0,1150,True
1,1_335,86,1000,0,1000,True
1,1_336,456,1000,0,1450,True
1,1_337,116,1000,0,1100,True
1,1_338,298,1000,0,1150,True
1,1_339,984,1000,0,1800,True
1,1_340,3754,1000,0,3550,True
1,1_341,298,1000,0,1400,True
1,1_342,1170,1000,0,2050,True
1,1_343,154,1000,0,1000,True
1,1_344,1198,1000,0,2150,True
1,1_345,960,1000,0,1700,True
1,1_346,698,1000,0,1350,True
1,1_347,112,1000,0,1050,True
1,1_348,878,1000,0,2250,True
1,1_349,50,1000,0,1000,True
1,1_350,1062,1000,0,2900,True
1,1_351,262,1000,0,1450,True
1,1_352,188,1000,0,1400,True
1,1_353,178,1000,0,1150,True
1,1_354,54,1000,0,1150,True
1,1_355,266,1000,0,2000,True
1,1_356,646,1000,0,1650,True
1,1_357,202,1000,0,1150,True
1,1_358,360,1000,0,1800,True
1,1_359,2590,1000,0,3350,True
1,1_360,218,1000,0,1150,True
1,1_361,270,1000,0,1350,True
1,1_362,3940,1000,0,5350,True
1,1_363,184,1000,0,1550,True
1,1_364,6882,1000,0,6500,True
1,1_365,360,1000,0,1550,True
1,1_366,420,1000,0,1400,True
1,1_367,458,1000,0,1700,True
1,1_368,1328,1000,0,2700,True
1,1_369,534,1000,0,1500,True
1,1_370,156,1000,0,1250,True
1,1_371,638,1000,0,1550,True
1,1_372,76,1000,0,1050,True
1,1_373,1442,1000,0,1550,True
1,1_374,880,1000,0,1850,True
1,1_375,3492,1000,0,3600,True
1,1_376,236,1000,0,1100,True
1,1_377,1092,1000,0,1600,True
1,1_378,134,1000,0,1500,True
1,1_379,1178,1000,0,1900,True
1,1_380,284,1000,0,1500,True
1,1_381,90,1000,0,1050,True
1,1_382,182,1000,0,1150,True
1,1_383,556,1000,0,1500,True
1,1_384,394,1000,0,1600,True
1,1_385,2216,1000,0,1700,True
1,1_386,7122,1000,0,6100,True
1,1_387,1598,1000,0,2500,True
1,1_388,3506,1000,0,3700,True
1,1_389,902,1000,0,1650,True
1,1_390,196,1000,0,1100,True
1,1_391,2752,1000,0,3600,True
1,1_392,2274,1000,0,3050,True
1,1_393,132,1000,0,1300,True
1,1_394,1942,1000,0,2700,True
1,1_395,1950,1000,0,1750,True
1,1_396,140,1000,0,1200,True
1,1_397,270,1000,0,1200,True
1,1_398,2270,1000,0,2000,True
1,1_399,518,1000,0,1150,True
1,1_400,2658,1000,0,3150,True
1,1_401,100,1000,0,1000,True
1,1_402,526,1000,0,1100,True
1,1_403,766,1000,0,2350,True
1,1_404,2262,1000,0,2400,True
1,1_405,174,1000,0,1150,True
1,1_406,236,1000,0,1250,True
1,1_407,702,1000,0,1350,True
1,1_408,202,1000,0,1100,True
1,1_409,404,1000,0,1200,True
1,1_410,124,1000,0,1050,True
1,1_411,112,1000,0,1050,True
1,1_412,1622,1000,0,3400,True
1,1_413,606,1000,0,1500,True
1,1_414,982,1000,0,2050,True
1,1_415,88,1000,0,1200,True
1,1_416,216,1000,0,1300,True
1,1_417,158,1000,0,1200,True
1,1_418,102,1000,0,1150,True
1,1_419,310,1000,0,1400,True
1,1_420,130,1000,0,1000,True
1,1_421,882,1000,0,2950,True
1,1_422,480,1000,0,1700,True
1,1_423,490,1000,0,1650,True
1,1_424,1016,1000,0,3250,True
1,1_425,358,1000,0,1700,True
1,1_426,418,1000,0,1550,True
1,1_427,112,1000,0,1200,True
1,1_428,122,1000,0,1000,True
1,1_429,508,1000,0,1650,True
1,1_430,530,1000,0,1750,True
1,1_431,642,1000,0,2450,True
1,1_432,1054,1000,0,2400,True
1,1_433,90,1000,0,1200,True
1,1_434,116,1000,0,1100,True
1,1_435,88,1000,0,1050,True
1,1_436,2124,1000,0,4000,True
1,1_437,196,1000,0,1100,True
1,1_438,922,1000,0,1800,True
1,1_439,1558,1000,0,2700,True
1,1_440,620,1000,0,1650,True
1,1_441,280,1000,0,1150,True
1,1_442,302,1000,0,1350,True
1,1_443,142,1000,0,1100,True
1,1_444,1896,1000,0,1650,True
1,1_445,770,1000,0,2250,True
1,1_446,2178,1000,0,2250,True
1,1_447,244,1000,0,1100,True
1,1_448,190,1000,0,1200,True
1,1_449,928,1000,0,2850,True
1,1_450,674,1000,0,1200,True
1,1_451,366,1000,0,2000,True
1,1_452,174,1000,0,1200,True
1,1_453,428,1000,0,1450,True
1,1_454,784,1000,0,1600,True
1,1_455,2082,1000,0,3400,True
1,1_456,1764,1000,0,3000,True
1,1_457,858,1000,0,1950,True
1,1_458,350,1000,0,1200,True
1,1_459,356,1000,0,1100,True
1,1_460,366,1000,0,1250,True
1,1_461,354,1000,0,1350,True
1,1_462,146,1000,0,1000,True
1,1_463,514,1000,0,2100,True
1,1_464,384,1000,0,1300,True
1,1_465,50,1000,0,1000,True
1,1_466,190,1000,0,1250,True
1,1_467,3960,1000,0,2600,True
1,1_468,642,1000,0,1250,True
1,1_469,528,1000,0,1400,True
1,1_470,4706,1000,0,5700,True
1,1_471,172,1000,0,1100,True
1,1_472,3888,1000,0,4550,True
1,1_473,684,1000,0,1350,True
1,1_474,110,1000,0,1100,True
1,1_475,88,1000,0,1050,True
1,1_476,2192,1000,0,2500,True
1,1_477,128,1000,0,1200,True
1,1_478,2762,1000,0,3650,True
1,1_479,648,1000,0,1250,True
1,1_480,490,1000,0,1650,True
1,1_481,162,1000,0,1100,True
1,1_482,382,1000,0,1450,True
1,1_483,974,1000,0,2000,True
1,1_484,152,1000,0,1050,True
1,1_485,1130,1000,0,2800,True
1,1_486,122,1000,0,1200,True
1,1_487,3104,1000,0,3500,True
1,1_488,498,1000,0,1350,True
1,1_489,340,1000,0,1350,True
1,1_490,148,1000,0,1050,True
1,1_491,694,1000,0,2400,True
1,1_492,108,1000,0,1300,True
1,1_493,114,1000,0,1000,True
1,1_494,130,1000,0,1200,True
1,1_495,620,1000,0,1450,True
1,1_496,230,1000,0,1000,True
1,1_497,384,1000,0,1850,True
1,1_498,272,1000,0,1250,True
1,1_499,156,1000,0,1000,True
1,1_500,2200,1000,0,2800,True
1,1_501,132,1000,0,1150,True
1,1_502,274,1000,0,1150,True
1,1_503,426,1000,0,1100,True
1,1_504,1088,1000,0,1700,True
1,1_505,246,1000,0,1500,True
1,1_506,700,1000,0,1950,True
1,1_507,374,1000,0,1850,True
1,1_508,3294,1000,0,4700,True
1,1_509,1574,1000,0,2000,True
1,1_510,132,1000,0,1350,True
1,1_511,602,1000,0,1600,True
1,1_512,102,1000,0,1150,True
1,1_513,882,1000,0,2300,True
1,1_514,602,1000,0,2050,True
1,1_515,178,1000,0,1100,True
1,1_516,106,1000,0,1000,True
1,1_517,144,1000,0,1150,True
1,1_518,1274,1000,0,2550,True
1,1_519,3064,1000,0,4500,True
1,1_520,2558,1000,0,3100,True
1,1_521,206,1000,0,1300,True
1,1_522,332,1000,0,1400,True
1,1_523,164,1000,0,1050,True
1,1_524,870,1000,0,1850,True
1,1_525,1234,1000,0,2200,True
1,1_526,2360,1000,0,2100,True
1,1_527,130,1000,0,1100,True
1,1_528,1450,1000,0,1750,True
1,1_529,428,1000,0,1150,True
1,1_530,486,1000,0,1000,True
1,1_531,546,1000,0,2000,True
1,1_532,348,1000,0,1800,True
1,1_533,422,1000,0,1800,True
1,1_534,344,1000,0,1750,True
1,1_535,376,1000,0,1450,True
1,1_536,288,1000,0,1200,True
1,1_537,116,1000,0,1200,True
1,1_538,136,1000,0,1000,True
1,1_539,340,1000,0,1200,True
1,1_540,838,1000,0,2850,True
1,1_541,224,1000,0,1400,True
1,1_542,402,1000,0,1850,True
1,1_543,334,1000,0,1200,True
1,1_544,532,1000,0,1700,True
1,1_545,2050,1000,0,3700,True
1,1_546,4324,1000,0,3850,True
1,1_547,62,1000,0,1000,True
1,1_548,312,1000,0,1450,True
1,1_549,400,1000,0,1550,True
1,1_550,230,1000,0,1400,True
1,1_551,1386,1000,0,2000,True
1,1_552,744,1000,0,2850,True
1,1_553,1266,1000,0,2450,True
1,1_554,258,1000,0,1300,True
1,1_555,466,1000,0,1550,True
1,1_556,164,1000,0,1000,True
1,1_557,174,1000,0,1300,True
1,1_558,732,1000,0,2300,True
1,1_559,1280,1000,0,3250,True
1,1_560,54,1000,0,1000,True
1,1_561,126,1000,0,1600,True
1,1_562,1262,1000,0,2850,True
1,1_563,296,1000,0,1100,True
1,1_564,88,1000,0,1100,True
1,1_565,652,1000,0,1950,True
1,1_566,116,1000,0,1100,True
1,1_567,496,1000,0,1800,True
1,1_568,2072,1000,0,2700,True
1,1_569,76,1000,0,1050,True
1,1_570,426,1000,0,1850,True
1,1_571,1286,1000,0,2550,True
1,1_572,40,1000,0,1000,True
1,1_573,694,1000,0,1650,True
1,1_574,146,1000,0,1100,True
1,1_575,124,1000,0,1500,True
1,1_576,3242,1000,0,3250,True
1,1_577,262,1000,0,1300,True
1,1_578,326,1000,0,1300,True
1,1_579,314,1000,0,1400,True
1,1_580,388,1000,0,1100,True
1,1_581,2746,1000,0,3250,True
1,1_582,410,1000,0,1200,True
1,1_583,140,1000,0,1250,True
1,1_584,78,1000,0,1000,True
1,1_585,4542,1000,0,2900,True
1,1_586,290,1000,0,1150,True
1,1_587,220,1000,0,1200,True
1,1_588,62,1000,0,1000,True
1,1_589,1582,1000,0,3100,True
1,1_590,254,1000,0,1150,True
1,1_591,68,1000,0,1050,True
1,1_592,518,1000,0,1400,True
1,1_593,1130,1000,0,1900,True
1,1_594,554,1000,0,1550,True
1,1_595,576,1000,0,1600,True
1,1_596,318,1000,0,1150,True
1,1_597,404,1000,0,1250,True
1,1_598,416,1000,0,1450,True
1,1_599,168,1000,0,1100,True
1,1_600,450,1000,0,1450,True
1,1_601,1606,1000,0,3200,True
1,1_602,446,1000,0,1350,True
1,1_603,354,1000,0,1300,True
1,1_604,112,1000,0,1000,True
1,1_605,2494,1000,0,3100,True
1,1_606,1204,1000,0,2000,True
1,1_607,140,1000,0,1100,True
1,1_608,140,1000,0,1050,True
1,1_609,732,1000,0,2600,True
1,1_610,114,1000,0,1100,True
1,1_611,1836,1000,0,2800,True
1,1_612,168,1000,0,1100,True
1,1_613,114,1000,0,1050,True
1,1_614,166,1000,0,1400,True
1,1_615,2932,1000,0,2950,True
1,1_616,162,1000,0,1050,True
1,1_617,652,1000,0,1950,True
1,1_618,332,1000,0,1150,True
1,1_619,166,1000,0,1050,True
1,1_620,572,1000,0,1500,True
1,1_621,154,1000,0,1100,True
1,1_622,118,1000,0,1100,True
1,1_623,362,1000,0,1500,True
1,1_624,846,1000,0,1950,True
1,1_625,990,1000,0,2250,True
1,1_626,2360,1000,0,3450,True
1,1_627,154,1000,0,1000,True
1,1_628,5360,1000,0,5900,True
1,1_629,930,1000,0,1900,True
1,1_630,574,1000,0,1700,True
1,1_631,114,1000,0,1200,True
1,1_632,312,1000,0,1450,True
1,1_633,346,1000,0,1100,True
1,1_634,168,1000,0,1000,True
1,1_635,270,1000,0,1200,True
1,1_636,4184,1000,0,4050,True
1,1_637,602,1000,0,1500,True
1,1_638,496,1000,0,1950,True
1,1_639,742,1000,0,2300,True
1,1_640,390,1000,0,1350,True
1,1_641,216,1000,0,1050,True
1,1_642,1574,1000,0,2900,True
1,1_643,318,1000,0,1850,True
1,1_644,1332,1000,0,2700,True
1,1_645,116,1000,0,1100,True
1,1_646,518,1000,0,1200,True
1,1_647,1364,1000,0,2000,True
1,1_648,386,1000,0,1350,True
1,1_649,1832,1000,0,2350,True
1,1_650,88,1000,0,1000,True
1,1_651,72,1000,0,1000,True
1,1_652,1074,1000,0,2950,True
1,1_653,512,1000,0,1150,True
1,1_654,8254,1000,0,5000,True
1,1_655,1914,1000,0,1900,True
1,1_656,72,1000,0,1000,True
1,1_657,1030,1000,0,1500,True
1,1_658,76,1000,0,1000,True
1,1_659,88,1000,0,1000,True
1,1_660,544,1000,0,2600,True
1,1_661,90,1000,0,1300,True
1,1_662,640,1000,0,1750,True
1,1_663,288,1000,0,1050,True
1,1_664,188,1000,0,1100,True
1,1_665,554,1000,0,1550,True
1,1_666,540,1000,0,1450,True
1,1_667,272,1000,0,1350,True
1,1_668,362,1000,0,1400,True
1,1_669,144,1000,0,1100,True
1,1_670,74,1000,0,1100,True
1,1_671,340,1000,0,1500,True
1,1_672,120,1000,0,1300,True
1,1_673,84,1000,0,1150,True
1,1_674,422,1000,0,1400,True
1,1_675,196,1000,0,1250,True
1,1_676,226,1000,0,1200,True
1,1_677,186,1000,0,1050,True
1,1_678,406,1000,0,1200,True
1,1_679,440,1000,0,2000,True
1,1_680,384,1000,0,1700,True
1,1_681,328,1000,0,1350,True
1,1_682,226,1000,0,1350,True
1,1_683,548,1000,0,1700,True
1,1_684,162,1000,0,1200,True
1,1_685,2066,1000,0,2800,True
1,1_686,904,1000,0,2750,True
1,1_687,206,1000,0,1150,True
1,1_688,176,1000,0,1100,True
1,1_689,490,1000,0,1800,True
1,1_690,512,1000,0,1150,True
1,1_691,1080,1000,0,1950,True
1,1_692,362,1000,0,1250,True
1,1_693,474,1000,0,1950,True
1,1_694,840,1000,0,1450,True
1,1_695,642,1000,0,1600,True
1,1_696,510,1000,0,1350,True
1,1_697,248,1000,0,1200,True
1,1_698,142,1000,0,1100,True
1,1_699,122,1000,0,1000,True
1,1_700,2972,1000,0,4550,True
1,1_701,1962,1000,0,1950,True
1,1_702,224,1000,0,1200,True
1,1_703,176,1000,0,1150,True
1,1_704,1126,1000,0,3000,True
1,1_705,666,1000,0,1900,True
1,1_706,202,1000,0,1450,True
1,1_707,4212,1000,0,5450,True
1,1_708,500,1000,0,1350,True
1,1_709,226,1000,0,1250,True
1,1_710,546,1000,0,1550,True
1,1_711,250,1000,0,1350,True
1,1_712,2108,1000,0,3200,True
1,1_713,260,1000,0,1000,True
1,1_714,252,1000,0,1200,True
1,1_715,1180,1000,0,1950,True
1,1_716,758,1000,0,1850,True
1,1_717,90,1000,0,1000,True
1,1_718,170,1000,0,1250,True
1,1_719,278,1000,0,1000,True
1,1_720,110,1000,0,1300,True
1,1_721,164,1000,0,1000,True
1,1_722,676,1000,0,1350,True
1,1_723,618,1000,0,2100,True
1,1_724,50,1000,0,1000,True
1,1_725,94,1000,0,1150,True
1,1_726,220,1000,0,1600,True
1,1_727,248,1000,0,1350,True
1,1_728,1152,1000,0,3000,True
1,1_729,506,1000,0,1350,True
1,1_730,102,1000,0,1000,True
1,1_731,892,1000,0,1850,True
1,1_732,2480,1000,0,2550,True
1,1_733,1240,1000,0,1750,True
1,1_734,2638,1000,0,2950,True
1,1_735,414,1000,0,1400,True
1,1_736,768,1000,0,2150,True
1,1_737,204,1000,0,1100,True
1,1_738,816,1000,0,2200,True
1,1_739,8626,1000,0,8400,True
1,1_740,144,1000,0,1050,True
1,1_741,368,1000,0,1150,True
1,1_742,232,1000,0,1150,True
1,1_743,440,1000,0,1150,True
1,1_744,720,1000,0,1700,True
1,1_745,238,1000,0,1250,True
1,1_746,372,1000,0,1600,True
1,1_747,1172,1000,0,2650,True
1,1_748,570,1000,0,1250,True
1,1_749,210,1000,0,1300,True
1,1_750,1238,1000,0,2500,True
1,1_751,652,1000,0,1750,True
1,1_752,288,1000,0,1400,True
1,1_753,1644,1000,0,2300,True
1,1_754,90,1000,0,1000,True
1,1_755,400,1000,0,1450,True
1,1_756,1528,1000,0,2900,True
1,1_757,4236,1000,0,5750,True
1,1_758,550,1000,0,1600,True
1,1_759,564,1000,0,1500,True
1,1_760,294,1000,0,1750,True
1,1_761,928,1000,0,1800,True
1,1_762,100,1000,0,1150,True
1,1_763,174,1000,0,1000,True
1,1_764,452,1000,0,1500,True
1,1_765,576,1000,0,1750,True
1,1_766,320,1000,0,1450,True
1,1_767,150,1000,0,1200,True
1,1_768,846,1000,0,1550,True
1,1_769,360,1000,0,1400,True
1,1_770,220,1000,0,1450,True
1,1_771,444,1000,0,1950,True
1,1_772,1322,1000,0,1700,True
1,1_773,288,1000,0,1300,True
1,1_774,124,1000,0,1350,True
1,1_775,478,1000,0,1350,True
1,1_776,448,1000,0,1550,True
1,1_777,364,1000,0,1650,True
1,1_778,54,1000,0,1050,True
1,1_779,262,1000,0,1550,True
1,1_780,88,1000,0,1050,True
1,1_781,638,1000,0,1750,True
1,1_782,800,1000,0,2000,True
1,1_783,352,1000,0,1550,True
1,1_784,130,1000,0,1350,True
1,1_785,732,1000,0,1300,True
1,1_786,126,1000,0,1000,True
1,1_787,152,1000,0,1250,True
1,1_788,406,1000,0,1250,True
1,1_789,2696,1000,0,2950,True
1,1_790,406,1000,0,1850,True
1,1_791,852,1000,0,1500,True
1,1_792,454,1000,0,1200,True
1,1_793,640,1000,0,1550,True
1,1_794,132,1000,0,1100,True
1,1_795,264,1000,0,1950,True
1,1_796,150,1000,0,1150,True
1,1_797,176,1000,0,1100,True
1,1_798,120,1000,0,1300,True
1,1_799,266,1000,0,1800,True
1,1_800,654,1000,0,1500,True
1,1_801,276,1000,0,1300,True
1,1_802,178,1000,0,1350,True
1,1_803,774,1000,0,1500,True
1,1_804,1742,1000,0,2350,True
1,1_805,192,1000,0,1550,True
1,1_806,2512,1000,0,3700,True
1,1_807,116,1000,0,1150,True
1,1_808,340,1000,0,1500,True
1,1_809,560,1000,0,1550,True
1,1_810,94,1000,0,1150,True
1,1_811,1470,1000,0,1800,True
1,1_812,1274,1000,0,2050,True
1,1_813,504,1000,0,2550,True
1,1_814,496,1000,0,1150,True
1,1_815,174,1000,0,1300,True
1,1_816,406,1000,0,1250,True
1,1_817,4350,1000,0,3150,True
1,1_818,112,1000,0,1350,True
1,1_819,1120,1000,0,2900,True
1,1_820,76,1000,0,1250,True
1,1_821,148,1000,0,1050,True
1,1_822,432,1000,0,1150,True
1,1_823,98,1000,0,1150,True
1,1_824,388,1000,0,1100,True
1,1_825,3184,1000,0,2250,True
1,1_826,162,1000,0,1050,True
1,1_827,196,1000,0,1250,True
1,1_828,94,1000,0,1050,True
1,1_829,106,1000,0,1100,True
1,1_830,92,1000,0,1100,True
1,1_831,560,1000,0,2100,True
1,1_832,314,1000,0,1350,True
1,1_833,328,1000,0,1900,True
1,1_834,112,1000,0,1200,True
1,1_835,652,1000,0,1800,True
1,1_836,482,1000,0,1150,True
1,1_837,1154,1000,0,1950,True
1,1_838,634,1000,0,1200,True
1,1_839,768,1000,0,2600,True
1,1_840,576,1000,0,1450,True
1,1_841,370,1000,0,1950,True
1,1_842,202,1000,0,1100,True
1,1_843,188,1000,0,1150,True
1,1_844,360,1000,0,1550,True
1,1_845,480,1000,0,1350,True
1,1_846,402,1000,0,1800,True
1,1_847,102,1000,0,1050,True
1,1_848,966,1000,0,2800,True
1,1_849,228,1000,0,1300,True
1,1_850,3014,1000,0,3200,True
1,1_851,126,1000,0,1150,True
1,1_852,1746,1000,0,1900,True
1,1_853,458,1000,0,1350,True
1,1_854,344,1000,0,1100,True
1,1_855,106,1000,0,1050,True
1,1_856,1988,1000,0,3100,True
1,1_857,110,1000,0,1100,True
1,1_858,242,1000,0,1300,True
1,1_859,496,1000,0,1400,True
1,1_860,1598,1000,0,2250,True
1,1_861,160,1000,0,1000,True
1,1_862,1372,1000,0,1750,True
1,1_863,532,1000,0,1950,True
1,1_864,126,1000,0,1100,True
1,1_865,76,1000,0,1000,True
1,1_866,1396,1000,0,1450,True
1,1_867,82,1000,0,1100,True
1,1_868,226,1000,0,1350,True
1,1_869,812,1000,0,2050,True
1,1_870,566,1000,0,1100,True
1,1_871,170,1000,0,1250,True
1,1_872,510,1000,0,1300,True
1,1_873,3436,1000,0,3300,True
1,1_874,182,1000,0,1000,True
1,1_875,1170,1000,0,2050,True
1,1_876,204,1000,0,1350,True
1,1_877,892,1000,0,1550,True
1,1_878,964,1000,0,2300,True
1,1_879,34,1000,0,1050,True
1,1_880,66,1000,0,1100,True
1,1_881,308,1000,0,1300,True
1,1_882,74,1000,0,1000,True
1,1_883,332,1000,0,1300,True
1,1_884,256,1000,0,1550,True
1,1_885,296,1000,0,1200,True
1,1_886,128,1000,0,1450,True
1,1_887,58,1000,0,1000,True
1,1_888,238,1000,0,1250,True
1,1_889,362,1000,0,1450,True
1,1_890,438,1000,0,1400,True
1,1_891,1622,1000,0,2500,True
1,1_892,2156,1000,0,3650,True
1,1_893,166,1000,0,1200,True
1,1_894,256,1000,0,1200,True
1,1_895,132,1000,0,1400,True
1,1_896,94,1000,0,1000,True
1,1_897,306,1000,0,1150,True
1,1_898,1050,1000,0,2450,True
1,1_899,738,1000,0,1950,True
1,1_900,202,1000,0,1350,True
1,1_901,32,1000,0,1000,True
1,1_902,496,1000,0,1450,True
1,1_903,138,1000,0,1300,True
1,1_904,94,1000,0,1050,True
1,1_905,856,1000,0,1350,True
1,1_906,724,1000,0,2400,True
1,1_907,1370,1000,0,2250,True
1,1_908,280,1000,0,1450,True
1,1_909,146,1000,0,1100,True
1,1_910,1888,1000,0,2500,True
1,1_911,1244,1000,0,1800,True
1,1_912,3574,1000,0,3000,True
1,1_913,68,1000,0,1100,True
1,1_914,198,1000,0,1300,True
1,1_915,7038,1000,0,5700,True
1,1_916,1584,1000,0,2100,True
1,1_917,48,1000,0,1000,True
1,1_918,440,1000,0,1000,True
1,1_919,546,1000,0,1850,True
1,1_920,168,1000,0,1000,True
1,1_921,436,1000,0,1400,True
1,1_922,92,1000,0,1300,True
1,1_923,58,1000,0,1150,True
1,1_924,248,1000,0,1200,True
1,1_925,3126,1000,0,3100,True
1,1_926,350,1000,0,1450,True
1,1_927,1336,1000,0,3100,True
1,1_928,302,1000,0,1650,True
1,1_929,198,1000,0,1150,True
1,1_930,252,1000,0,1250,True
1,1_931,86,1000,0,1150,True
1,1_932,1062,1000,0,2050,True
1,1_933,744,1000,0,1600,True
1,1_934,380,1000,0,1350,True
1,1_935,526,1000,0,1300,True
1,1_936,54,1000,0,1050,True
1,1_937,502,1000,0,1400,True
1,1_938,608,1000,0,1500,True
1,1_939,888,1000,0,2350,True
1,1_940,176,1000,0,1150,True
1,1_941,168,1000,0,1050,True
1,1_942,178,1000,0,1150,True
1,1_943,872,1000,0,1650,True
1,1_944,994,1000,0,1550,True
1,1_945,454,1000,0,1400,True
1,1_946,304,1000,0,1250,True
1,1_947,132,1000,0,1150,True
1,1_948,184,1000,0,1050,True
1,1_949,186,1000,0,1150,True
1,1_950,424,1000,0,1600,True
1,1_951,324,1000,0,1500,True
1,1_952,444,1000,0,1800,True
1,1_953,48,1000,0,1000,True
1,1_954,422,1000,0,1500,True
1,1_955,304,1000,0,1150,True
1,1_956,1414,1000,0,2750,True
1,1_957,344,1000,0,1250,True
1,1_958,742,1000,0,1550,True
1,1_959,112,1000,0,1150,True
1,1_960,1386,1000,0,1800,True
1,1_961,260,1000,0,1150,True
1,1_962,426,1000,0,1700,True
1,1_963,1480,1000,0,1600,True
1,1_964,608,1000,0,2000,True
1,1_965,180,1000,0,1200,True
1,1_966,232,1000,0,1400,True
1,1_967,438,1000,0,1150,True
1,1_968,862,1000,0,1300,True
1,1_969,794,1000,0,3150,True
1,1_970,268,1000,0,1200,True
1,1_971,64,1000,0,1050,True
1,1_972,510,1000,0,1200,True
1,1_973,222,1000,0,1350,True
1,1_974,436,1000,0,1300,True
1,1_975,1862,1000,0,2800,True
1,1_976,636,1000,0,2250,True
1,1_977,1452,1000,0,3450,True
1,1_978,338,1000,0,1400,True
1,1_979,776,1000,0,1400,True
1,1_980,1694,1000,0,2650,True
1,1_981,994,1000,0,1850,True
1,1_982,854,1000,0,1900,True
1,1_983,1516,1000,0,1650,True
1,1_984,362,1000,0,1300,True
1,1_985,374,1000,0,1250,True
1,1_986,3762,1000,0,5250,True
1,1_987,5546,1000,0,5350,True
1,1_988,152,1000,0,1100,True
1,1_989,1032,1000,0,2300,True
1,1_990,1462,1000,0,2950,True
1,1_991,286,1000,0,1550,True
1,1_992,1752,1000,0,2550,True
1,1_993,136,1000,0,1100,True
1,1_994,102,1000,0,1200,True
1,1_995,228,1000,0,1050,True
1,1_996,602,1000,0,1650,True
1,1_997,5132,1000,0,6100,True
1,1_998,540,1000,0,1400,True
1,1_999,1602,1000,0,2950,True
1,1_1000,358,1000,0,1600,True
2,2_1,71,1000,0,1900,True
2,2_2,25,1000,0,1550,True
2,2_3,32,1000,0,1850,True
2,2_4,24,1000,0,1250,True
2,2_5,794,1000,0,15000,True
2,2_6,15,1000,0,1350,True
2,2_7,44,1000,0,1700,True
2,2_8,228,1000,0,5600,True
2,2_9,10,1000,0,1050,True
2,2_10,14,1000,0,1250,True
2,2_11,16,1000,0,1000,True
2,2_12,15,1000,0,1400,True
2,2_13,18,1000,0,1350,True
2,2_14,20,1000,0,1400,True
2,2_15,60,1000,0,2350,True
2,2_16,45,1000,0,1950,True
2,2_17,102,1000,0,3200,True
2,2_18,10,1000,0,1100,True
2,2_19,246,1000,0,7700,True
2,2_20,60,1000,0,1750,True
2,2_21,62,1000,0,2450,True
2,2_22,5,1000,0,1000,True
2,2_23,150,1000,0,4550,True
2,2_24,17,1000,0,1450,True
2,2_25,13,1000,0,1000,True
2,2_26,114,1000,0,2600,True
2,2_27,40,1000,0,2000,True
2,2_28,10,1000,0,1150,True
2,2_29,78,1000,0,2650,True
2,2_30,797,1000,0,16150,True
2,2_31,27,1000,0,1050,True
2,2_32,91,1000,0,1900,True
2,2_33,3209,1000,0,70300,True
2,2_34,42,1000,0,1700,True
2,2_35,47,1000,0,1350,True
2,2_36,61,1000,0,1900,True
2,2_37,101,1000,0,3350,True
2,2_38,6,1000,0,1050,True
2,2_39,34,1000,0,1250,True
2,2_40,48,1000,0,1800,True
2,2_41,2168,1000,0,39400,True
2,2_42,5,1000,0,1000,True
2,2_43,35,1000,0,1750,True
2,2_44,58,1000,0,2500,True
2,2_45,69,1000,0,1900,True
2,2_46,31,1000,0,1050,True
2,2_47,39,1000,0,1050,True
2,2_48,147,1000,0,3200,True
2,2_49,62,1000,0,2150,True
2,2_50,15,1000,0,1250,True
2,2_51,13,1000,0,1000,True
2,2_52,6,1000,0,1050,True
2,2_53,372,1000,0,9450,True
2,2_54,15,1000,0,1400,True
2,2_55,33,1000,0,1700,True
2,2_56,39,1000,0,2000,True
2,2_57,119,1000,0,3650,True
2,2_58,38,1000,0,1800,True
2,2_59,18,1000,0,1150,True
2,2_60,171,1000,0,5350,True
2,2_61,29,1000,0,1150,True
2,2_62,18,1000,0,1500,True
2,2_63,329,1000,0,9100,True
2,2_64,53,1000,0,1500,True
2,2_65,14,1000,0,1300,True
2,2_66,23,1000,0,1050,True
2,2_67,20,1000,0,1300,True
2,2_68,68,1000,0,1700,True
2,2_69,169,1000,0,3800,True
2,2_70,13,1000,0,1150,True
2,2_71,28,1000,0,1650,True
2,2_72,194,1000,0,5850,True
2,2_73,66,1000,0,2800,True
2,2_74,165,1000,0,3600,True
2,2_75,25,1000,0,1350,True
2,2_76,30,1000,0,1700,True
2,2_77,7,1000,0,1050,True
2,2_78,24,1000,0,1500,True
2,2_79,76,1000,0,1850,True
2,2_80,5,1000,0,1000,True
2,2_81,47,1000,0,2000,True
2,2_82,126,1000,0,3400,True
2,2_83,14,1000,0,1250,True
2,2_84,483,1000,0,12950,True
2,2_85,245,1000,0,6100,True
2,2_86,139,1000,0,4450,True
2,2_87,131,1000,0,3300,True
2,2_88,12,1000,0,1000,True
2,2_89,9,1000,0,1100,True
2,2_90,75,1000,0,2300,True
2,2_91,40,1000,0,1650,True
2,2_92,17,1000,0,1450,True
2,2_93,21,1000,0,1450,True
2,2_94,15,1000,0,1300,True
2,2_95,5,1000,0,1000,True
2,2_96,152,1000,0,3450,True
2,2_97,166,1000,0,3000,True
2,2_98,47,1000,0,1550,True
2,2_99,33,1000,0,1500,True
2,2_100,139,1000,0,4700,True
2,2_101,30,1000,0,1650,True
2,2_102,8,1000,0,1150,True
2,2_103,448,1000,0,11650,True
2,2_104,5,1000,0,1000,True
2,2_105,110,1000,0,3350,True
2,2_106,26,1000,0,1500,True
2,2_107,31,1000,0,1400,True
2,2_108,186,1000,0,5500,True
2,2_109,11,1000,0,1250,True
2,2_110,37,1000,0,1950,True
2,2_111,25,1000,0,1150,True
2,2_112,24,1000,0,1600,True
2,2_113,6,1000,0,1050,True
2,2_114,30,1000,0,1700,True
2,2_115,9,1000,0,1000,True
2,2_116,335,1000,0,9650,True
2,2_117,13,1000,0,1250,True
2,2_118,1201,1000,0,27900,True
2,2_119,21,1000,0,1200,True
2,2_120,9,1000,0,1100,True
2,2_121,139,1000,0,4400,True
2,2_122,16,1000,0,1300,True
2,2_123,7,1000,0,1100,True
2,2_124,103,1000,0,2750,True
2,2_125,387,1000,0,10950,True
2,2_126,44,1000,0,2050,True
2,2_127,9,1000,0,1100,True
2,2_128,77,1000,0,2150,True
2,2_129,42,1000,0,1950,True
2,2_130,22,1000,0,1400,True
2,2_131,650,1000,0,14250,True
2,2_132,18,1000,0,1050,True
2,2_133,70,1000,0,2150,True
2,2_134,62,1000,0,2600,True
2,2_135,10,1000,0,1150,True
2,2_136,5,1000,0,1000,True
2,2_137,45,1000,0,1600,True
2,2_138,23,1000,0,1550,True
2,2_139,8,1000,0,1050,True
2,2_140,9,1000,0,1100,True
2,2_141,10,1000,0,1200,True
2,2_142,28,1000,0,1050,True
2,2_143,16,1000,0,1250,True
2,2_144,9,1000,0,1000,True
2,2_145,1340,1000,0,33200,True
2,2_146,6,1000,0,1050,True
2,2_147,19,1000,0,1050,True
2,2_148,37,1000,0,1600,True
2,2_149,80,1000,0,2650,True
2,2_150,69,1000,0,2500,True
2,2_151,7,1000,0,1100,True
2,2_152,4368,1000,0,56250,True
2,2_153,258,1000,0,4950,True
2,2_154,20,1000,0,1500,True
2,2_155,47,1000,0,2050,True
2,2_156,480,1000,0,12050,True
2,2_157,27,1000,0,1250,True
2,2_158,87,1000,0,1850,True
2,2_159,143,1000,0,3250,True
2,2_160,10,1000,0,1200,True
2,2_161,6,1000,0,1050,True
2,2_162,13,1000,0,1300,True
2,2_163,95,1000,0,2250,True
2,2_164,40,1000,0,1650,True
2,2_165,58,1000,0,2400,True
2,2_166,5,1000,0,1000,True
2,2_167,57,1000,0,2050,True
2,2_168,6,1000,0,1050,True
2,2_169,9,1000,0,1000,True
2,2_170,61,1000,0,2150,True
2,2_171,43,1000,0,2050,True
2,2_172,22,1000,0,1450,True
2,2_173,8,1000,0,1150,True
2,2_174,628,1000,0,13550,True
2,2_175,71,1000,0,2900,True
2,2_176,24,1000,0,1100,True
2,2_177,354,1000,0,6550,True
2,2_178,65,1000,0,2600,True
2,2_179,8,1000,0,1100,True
2,2_180,9,1000,0,1200,True
2,2_181,21,1000,0,1150,True
2,2_182,13,1000,0,1250,True
2,2_183,178,1000,0,4950,True
2,2_184,22,1000,0,1400,True
2,2_185,75,1000,0,3150,True
2,2_186,107,1000,0,3650,True
2,2_187,745,1000,0,16050,True
2,2_188,93,1000,0,2000,True
2,2_189,73,1000,0,2700,True
2,2_190,17,1000,0,1350,True
2,2_191,8,1000,0,1150,True
2,2_192,94,1000,0,2300,True
2,2_193,22,1000,0,1500,True
2,2_194,58,1000,0,2550,True
2,2_195,21,1000,0,1350,True
2,2_196,40,1000,0,1650,True
2,2_197,381,1000,0,3700,True
2,2_198,628,1000,0,16100,True
2,2_199,45,1000,0,2150,True
2,2_200,33,1000,0,1850,True
2,2_201,64,1000,0,2550,True
2,2_202,20,1000,0,1450,True
2,2_203,96,1000,0,3250,True
2,2_204,104,1000,0,2950,True
2,2_205,241,1000,0,5100,True
2,2_206,70,1000,0,2700,True
2,2_207,94,1000,0,1900,True
2,2_208,13,1000,0,1300,True
2,2_209,17,1000,0,1000,True
2,2_210,7,1000,0,1100,True
2,2_211,63,1000,0,1800,True
2,2_212,24,1000,0,1550,True
2,2_213,126,1000,0,4150,True
2,2_214,9,1000,0,1150,True
2,2_215,17,1000,0,1200,True
2,2_216,11,1000,0,1250,True
2,2_217,30,1000,0,1400,True
2,2_218,58,1000,0,2400,True
2,2_219,61,1000,0,1900,True
2,2_220,19,1000,0,1350,True
2,2_221,32,1000,0,1700,True
2,2_222,33,1000,0,1850,True
2,2_223,118,1000,0,2700,True
2,2_224,164,1000,0,3300,True
2,2_225,178,1000,0,5700,True
2,2_226,102,1000,0,3150,True
2,2_227,35,1000,0,1500,True
2,2_228,43,1000,0,1750,True
2,2_229,5,1000,0,1000,True
2,2_230,13,1000,0,1200,True
2,2_231,193,1000,0,6100,True
2,2_232,205,1000,0,5950,True
2,2_233,19,1000,0,1100,True
2,2_234,52,1000,0,1850,True
2,2_235,44,1000,0,2000,True
2,2_236,16,1000,0,1000,True
2,2_237,65,1000,0,1900,True
2,2_238,31,1000,0,1400,True
2,2_239,6,1000,0,1050,True
2,2_240,541,1000,0,11300,True
2,2_241,5,1000,0,1000,True
2,2_242,20,1000,0,1350,True
2,2_243,15,1000,0,1200,True
2,2_244,99,1000,0,2650,True
2,2_245,20,1000,0,1450,True
2,2_246,27,1000,0,1550,True
2,2_247,32,1000,0,1350,True
2,2_248,20,1000,0,1300,True
2,2_249,296,1000,0,4250,True
2,2_250,32,1000,0,1300,True
2,2_251,70,1000,0,2900,True
2,2_252,78,1000,0,3000,True
2,2_253,26,1000,0,1600,True
2,2_254,585,1000,0,14200,True
2,2_255,33,1000,0,1750,True
2,2_256,13,1000,0,1200,True
2,2_257,180,1000,0,2350,True
2,2_258,87,1000,0,2850,True
2,2_259,38,1000,0,1900,True
2,2_260,79,1000,0,3050,True
2,2_261,32,1000,0,1550,True
2,2_262,274,1000,0,6850,True
2,2_263,5,1000,0,1000,True
2,2_264,109,1000,0,2400,True
2,2_265,134,1000,0,4950,True
2,2_266,112,1000,0,3800,True
2,2_267,15,1000,0,1350,True
2,2_268,16,1000,0,1050,True
2,2_269,151,1000,0,3550,True
2,2_270,31,1000,0,1700,True
2,2_271,16,1000,0,1150,True
2,2_272,10,1000,0,1000,True
2,2_273,40,1000,0,1700,True
2,2_274,60,1000,0,2400,True
2,2_275,7,1000,0,1050,True
2,2_276,400,1000,0,9350,True
2,2_277,43,1000,0,1850,True
2,2_278,121,1000,0,2600,True
2,2_279,8,1000,0,1150,True
2,2_280,48,1000,0,1850,True
2,2_281,37,1000,0,1350,True
2,2_282,8,1000,0,1100,True
2,2_283,8760,1000,0,178950,True
2,2_284,68,1000,0,2050,True
2,2_285,26,1000,0,1100,True
2,2_286,16,1000,0,1500,True
2,2_287,217,1000,0,6000,True
2,2_288,78,1000,0,2750,True
2,2_289,108,1000,0,1900,True
2,2_290,59,1000,0,2300,True
2,2_291,147,1000,0,4100,True
2,2_292,14,1000,0,1050,True
2,2_293,816,1000,0,16600,True
2,2_294,30,1000,0,1600,True
2,2_295,223,1000,0,6500,True
2,2_296,8,1000,0,1100,True
2,2_297,126,1000,0,3950,True
2,2_298,392,1000,0,6850,True
2,2_299,9,1000,0,1150,True
2,2_300,233,1000,0,5550,True
2,2_301,27,1000,0,1500,True
2,2_302,22,1000,0,1450,True
2,2_303,93,1000,0,3150,True
2,2_304,22,1000,0,1350,True
2,2_305,13,1000,0,1300,True
2,2_306,38,1000,0,1100,True
2,2_307,104,1000,0,2650,True
2,2_308,7,1000,0,1050,True
2,2_309,67,1000,0,2650,True
2,2_310,59,1000,0,2500,True
2,2_311,18,1000,0,1400,True
2,2_312,11,1000,0,1200,True
2,2_313,8,1000,0,1150,True
2,2_314,18,1000,0,1550,True
2,2_315,46,1000,0,1750,True
2,2_316,78,1000,0,2050,True
2,2_317,44,1000,0,2050,True
2,2_318,92,1000,0,1750,True
2,2_319,64,1000,0,2650,True
2,2_320,39,1000,0,2000,True
2,2_321,66,1000,0,2650,True
2,2_322,755,1000,0,19050,True
2,2_323,133,1000,0,4050,True
2,2_324,29,1000,0,1800,True
2,2_325,73,1000,0,2750,True
2,2_326,56,1000,0,2350,True
2,2_327,50,1000,0,2200,True
2,2_328,114,1000,0,3200,True
2,2_329,14,1000,0,1250,True
2,2_330,14,1000,0,1200,True
2,2_331,38,1000,0,1650,True
2,2_332,47,1000,0,1750,True
2,2_333,118,1000,0,1750,True
2,2_334,12,1000,0,1250,True
2,2_335,19,1000,0,1400,True
2,2_336,5,1000,0,1000,True
2,2_337,39,1000,0,1350,True
2,2_338,10,1000,0,1150,True
2,2_339,24,1000,0,1550,True
2,2_340,12,1000,0,1100,True
2,2_341,53,1000,0,2000,True
2,2_342,385,1000,0,8850,True
2,2_343,99,1000,0,2900,True
2,2_344,19,1000,0,1350,True
2,2_345,135,1000,0,2850,True
2,2_346,24,1000,0,1550,True
2,2_347,153,1000,0,5300,True
2,2_348,35,1000,0,1750,True
2,2_349,19,1000,0,1000,True
2,2_350,69,1000,0,1600,True
2,2_351,872,1000,0,15350,True
2,2_352,54,1000,0,2400,True
2,2_353,5,1000,0,1000,True
2,2_354,53,1000,0,2000,True
2,2_355,16,1000,0,1300,True
2,2_356,5,1000,0,1000,True
2,2_357,99,1000,0,2250,True
2,2_358,14,1000,0,1200,True
2,2_359,21,1000,0,1450,True
2,2_360,184,1000,0,5100,True
2,2_361,67,1000,0,2900,True
2,2_362,8,1000,0,1100,True
2,2_363,73,1000,0,2500,True
2,2_364,40,1000,0,1850,True
2,2_365,64,1000,0,3000,True
2,2_366,25,1000,0,1550,True
2,2_367,16,1000,0,1350,True
2,2_368,566,1000,0,13550,True
2,2_369,73,1000,0,2750,True
2,2_370,7,1000,0,1050,True
2,2_371,70,1000,0,2300,True
2,2_372,5,1000,0,1000,True
2,2_373,14,1000,0,1200,True
2,2_374,186,1000,0,3400,True
2,2_375,29,1000,0,1350,True
2,2_376,36,1000,0,1800,True
2,2_377,29,1000,0,1700,True
2,2_378,15,1000,0,1300,True
2,2_379,153,1000,0,3750,True
2,2_380,5,1000,0,1000,True
2,2_381,26,1000,0,1650,True
2,2_382,23,1000,0,1150,True
2,2_383,12,1000,0,1000,True
2,2_384,15,1000,0,1100,True
2,2_385,32,1000,0,1750,True
2,2_386,20,1000,0,1400,True
2,2_387,24,1000,0,1450,True
2,2_388,54,1000,0,1550,True
2,2_389,8,1000,0,1100,True
2,2_390,10,1000,0,1200,True
2,2_391,14,1000,0,1200,True
2,2_392,23,1000,0,1100,True
2,2_393,68,1000,0,1700,True
2,2_394,5,1000,0,1000,True
2,2_395,20,1000,0,1000,True
2,2_396,27,1000,0,1400,True
2,2_397,101,1000,0,3550,True
2,2_398,182,1000,0,4000,True
2,2_399,38,1000,0,1950,True
2,2_400,108,1000,0,3150,True
2,2_401,11,1000,0,1200,True
2,2_402,33,1000,0,1700,True
2,2_403,96,1000,0,2700,True
2,2_404,514,1000,0,12050,True
2,2_405,85,1000,0,2300,True
2,2_406,32,1000,0,1900,True
2,2_407,36,1000,0,1350,True
2,2_408,16,1000,0,1300,True
2,2_409,14,1000,0,1300,True
2,2_410,32,1000,0,1400,True
2,2_411,33,1000,0,1450,True
2,2_412,19,1000,0,1450,True
2,2_413,8,1000,0,1150,True
2,2_414,80,1000,0,2800,True
2,2_415,43,1000,0,1800,True
2,2_416,42,1000,0,1400,True
2,2_417,50,1000,0,2050,True
2,2_418,161,1000,0,5000,True
2,2_419,89,1000,0,3100,True
2,2_420,60,1000,0,1600,True
2,2_421,167,1000,0,4150,True
2,2_422,96,1000,0,3000,True
2,2_423,11,1000,0,1200,True
2,2_424,1039,1000,0,17350,True
2,2_425,11,1000,0,1200,True
2,2_426,292,1000,0,5250,True
2,2_427,58,1000,0,2450,True
2,2_428,269,1000,0,7000,True
2,2_429,21,1000,0,1450,True
2,2_430,187,1000,0,2250,True
2,2_431,15,1000,0,1350,True
2,2_432,18,1000,0,1450,True
2,2_433,20,1000,0,1450,True
2,2_434,14,1000,0,1250,True
2,2_435,88,1000,0,3100,True
2,2_436,51,1000,0,2150,True
2,2_437,39,1000,0,2050,True
2,2_438,34,1000,0,1150,True
2,2_439,121,1000,0,3000,True
2,2_440,8,1000,0,1100,True
2,2_441,13,1000,0,1250,True
2,2_442,165,1000,0,3700,True
2,2_443,44,1000,0,1650,True
2,2_444,28,1000,0,1000,True
2,2_445,12,1000,0,1100,True
2,2_446,5,1000,0,1000,True
2,2_447,14,1000,0,1250,True
2,2_448,41,1000,0,1250,True
2,2_449,118,1000,0,3900,True
2,2_450,23,1000,0,1100,True
2,2_451,25,1000,0,1100,True
2,2_452,12,1000,0,1150,True
2,2_453,10,1000,0,1150,True
2,2_454,140,1000,0,4100,True
2,2_455,45,1000,0,2050,True
2,2_456,137,1000,0,3300,True
2,2_457,46,1000,0,1950,True
2,2_458,38,1000,0,1200,True
2,2_459,11,1000,0,1250,True
2,2_460,10,1000,0,1150,True
2,2_461,46,1000,0,1750,True
2,2_462,42,1000,0,1850,True
2,2_463,27,1000,0,1450,True
2,2_464,163,1000,0,4800,True
2,2_465,41,1000,0,1450,True
2,2_466,23,1000,0,1450,True
2,2_467,119,1000,0,4350,True
2,2_468,41,1000,0,1850,True
2,2_469,1161,1000,0,22550,True
2,2_470,7,1000,0,1100,True
2,2_471,25,1000,0,1150,True
2,2_472,130,1000,0,3650,True
2,2_473,8,1000,0,1150,True
2,2_474,40,1000,0,1900,True
2,2_475,51,1000,0,1200,True
2,2_476,52,1000,0,2300,True
2,2_477,15,1000,0,1200,True
2,2_478,4022,1000,0,97850,True
2,2_479,43,1000,0,1300,True
2,2_480,90,1000,0,3200,True
2,2_481,83,1000,0,2300,True
2,2_482,38,1000,0,1350,True
2,2_483,25,1000,0,1550,True
2,2_484,73,1000,0,2900,True
2,2_485,30,1000,0,1100,True
2,2_486,85,1000,0,3050,True
2,2_487,113,1000,0,2050,True
2,2_488,28,1000,0,1400,True
2,2_489,465,1000,0,10850,True
2,2_490,38,1000,0,1850,True
2,2_491,84,1000,0,2650,True
2,2_492,694,1000,0,12550,True
2,2_493,31,1000,0,1600,True
2,2_494,60,1000,0,2550,True
2,2_495,56,1000,0,2100,True
2,2_496,80,1000,0,1750,True
2,2_497,19,1000,0,1550,True
2,2_498,68,1000,0,2500,True
2,2_499,54,1000,0,1900,True
2,2_500,16,1000,0,1300,True
2,2_501,14,1000,0,1000,True
2,2_502,22,1000,0,1450,True
2,2_503,17,1000,0,1500,True
2,2_504,347,1000,0,3950,True
2,2_505,229,1000,0,7000,True
2,2_506,13,1000,0,1300,True
2,2_507,295,1000,0,8900,True
2,2_508,22,1000,0,1500,True
2,2_509,57,1000,0,2050,True
2,2_510,106,1000,0,2400,True
2,2_511,84,1000,0,1600,True
2,2_512,26,1000,0,1550,True
2,2_513,116,1000,0,2300,True
2,2_514,105,1000,0,2900,True
2,2_515,28,1000,0,1550,True
2,2_516,32,1000,0,1750,True
2,2_517,18,1000,0,1350,True
2,2_518,52,1000,0,2100,True
2,2_519,30,1000,0,1750,True
2,2_520,622,1000,0,16000,True
2,2_521,157,1000,0,4550,True
2,2_522,76,1000,0,2300,True
2,2_523,72,1000,0,2800,True
2,2_524,5,1000,0,1000,True
2,2_525,287,1000,0,7150,True
2,2_526,5,1000,0,1000,True
2,2_527,40,1000,0,1500,True
2,2_528,31,1000,0,1250,True
2,2_529,21,1000,0,1450,True
2,2_530,29,1000,0,1750,True
2,2_531,70,1000,0,2300,True
2,2_532,9,1000,0,1050,True
2,2_533,83,1000,0,2900,True
2,2_534,16,1000,0,1000,True
2,2_535,12,1000,0,1200,True
2,2_536,19,1000,0,1050,True
2,2_537,448,1000,0,6100,True
2,2_538,535,1000,0,12000,True
2,2_539,10,1000,0,1150,True
2,2_540,43,1000,0,2150,True
2,2_541,53,1000,0,1650,True
2,2_542,32,1000,0,1450,True
2,2_543,5,1000,0,1000,True
2,2_544,411,1000,0,11900,True
2,2_545,62,1000,0,2400,True
2,2_546,845,1000,0,22300,True
2,2_547,249,1000,0,5750,True
2,2_548,24,1000,0,1050,True
2,2_549,150,1000,0,4350,True
2,2_550,10,1000,0,1150,True
2,2_551,137,1000,0,4350,True
2,2_552,19,1000,0,1450,True
2,2_553,16,1000,0,1300,True
2,2_554,49,1000,0,1950,True
2,2_555,21,1000,0,1500,True
2,2_556,21,1000,0,1000,True
2,2_557,40,1000,0,1500,True
2,2_558,21,1000,0,1500,True
2,2_559,93,1000,0,3300,True
2,2_560,31,1000,0,1200,True
2,2_561,65,1000,0,1650,True
2,2_562,24,1000,0,1550,True
2,2_563,20,1000,0,1500,True
2,2_564,1477,1000,0,38900,True
2,2_565,140,1000,0,3000,True
2,2_566,9,1000,0,1100,True
2,2_567,8,1000,0,1050,True
2,2_568,22,1000,0,1600,True
2,2_569,5,1000,0,1000,True
2,2_570,10,1000,0,1100,True
2,2_571,35,1000,0,1900,True
2,2_572,49,1000,0,2200,True
2,2_573,83,1000,0,2950,True
2,2_574,264,1000,0,5850,True
2,2_575,62,1000,0,1950,True
2,2_576,35,1000,0,1100,True
2,2_577,16,1000,0,1400,True
2,2_578,11,1000,0,1200,True
2,2_579,315,1000,0,6650,True
2,2_580,42,1000,0,1750,True
2,2_581,55,1000,0,2350,True
2,2_582,59,1000,0,1100,True
2,2_583,15,1000,0,1400,True
2,2_584,144,1000,0,4650,True
2,2_585,27,1000,0,1550,True
2,2_586,5,1000,0,1000,True
2,2_587,389,1000,0,6650,True
2,2_588,11,1000,0,1200,True
2,2_589,39,1000,0,1250,True
2,2_590,33,1000,0,1500,True
2,2_591,163,1000,0,5150,True
2,2_592,1011,1000,0,23350,True
2,2_593,22,1000,0,1400,True
2,2_594,121,1000,0,3800,True
2,2_595,236,1000,0,4250,True
2,2_596,988,1000,0,15750,True
2,2_597,151,1000,0,4700,True
2,2_598,8,1000,0,1050,True
2,2_599,27,1000,0,1400,True
2,2_600,170,1000,0,2800,True
2,2_601,381,1000,0,8750,True
2,2_602,30,1000,0,1650,True
2,2_603,26,1000,0,1100,True
2,2_604,53,1000,0,1250,True
2,2_605,82,1000,0,3100,True
2,2_606,22,1000,0,1450,True
2,2_607,45,1000,0,1900,True
2,2_608,158,1000,0,2650,True
2,2_609,11,1000,0,1150,True
2,2_610,43,1000,0,2000,True
2,2_611,63,1000,0,2350,True
2,2_612,13,1000,0,1200,True
2,2_613,200,1000,0,2650,True
2,2_614,11,1000,0,1150,True
2,2_615,186,1000,0,5200,True
2,2_616,275,1000,0,4750,True
2,2_617,12,1000,0,1250,True
2,2_618,117,1000,0,2100,True
2,2_619,71,1000,0,2100,True
2,2_620,17,1000,0,1350,True
2,2_621,14,1000,0,1300,True
2,2_622,17,1000,0,1300,True
2,2_623,47,1000,0,2050,True
2,2_624,28,1000,0,1700,True
2,2_625,38,1000,0,1800,True
2,2_626,24,1000,0,1500,True
2,2_627,98,1000,0,2400,True
2,2_628,5,1000,0,1000,True
2,2_629,1938,1000,0,44600,True
2,2_630,21,1000,0,1400,True
2,2_631,5,1000,0,1000,True
2,2_632,119,1000,0,3400,True
2,2_633,1506,1000,0,39400,True
2,2_634,19,1000,0,1500,True
2,2_635,53,1000,0,2250,True
2,2_636,84,1000,0,2850,True
2,2_637,75,1000,0,2850,True
2,2_638,36,1000,0,1850,True
2,2_639,60,1000,0,2600,True
2,2_640,75,1000,0,2900,True
2,2_641,239,1000,0,6900,True
2,2_642,66,1000,0,2850,True
2,2_643,60,1000,0,2700,True
2,2_644,119,1000,0,3950,True
2,2_645,44,1000,0,2000,True
2,2_646,11,1000,0,1150,True
2,2_647,5,1000,0,1000,True
2,2_648,96,1000,0,2600,True
2,2_649,127,1000,0,3150,True
2,2_650,13,1000,0,1200,True
2,2_651,49,1000,0,2000,True
2,2_652,22,1000,0,1450,True
2,2_653,62,1000,0,2450,True
2,2_654,110,1000,0,3800,True
2,2_655,17,1000,0,1350,True
2,2_656,19,1000,0,1400,True
2,2_657,66,1000,0,1700,True
2,2_658,85,1000,0,1650,True
2,2_659,23,1000,0,1550,True
2,2_660,10,1000,0,1100,True
2,2_661,40,1000,0,1300,True
2,2_662,8,1000,0,1050,True
2,2_663,27,1000,0,1650,True
2,2_664,25,1000,0,1150,True
2,2_665,7,1000,0,1050,True
2,2_666,45,1000,0,1650,True
2,2_667,152,1000,0,3000,True
2,2_668,186,1000,0,4250,True
2,2_669,46,1000,0,1700,True
2,2_670,125,1000,0,3750,True
2,2_671,158,1000,0,4500,True
2,2_672,12,1000,0,1200,True
2,2_673,78,1000,0,1200,True
2,2_674,71,1000,0,2950,True
2,2_675,20,1000,0,1450,True
2,2_676,62,1000,0,2350,True
2,2_677,218,1000,0,6600,True
2,2_678,76,1000,0,2900,True
2,2_679,53,1000,0,2350,True
2,2_680,5,1000,0,1000,True
2,2_681,37,1000,0,2050,True
2,2_682,21,1000,0,1400,True
2,2_683,351,1000,0,9950,True
2,2_684,37,1000,0,2000,True
2,2_685,56,1000,0,2200,True
2,2_686,114,1000,0,3350,True
2,2_687,65,1000,0,2050,True
2,2_688,8,1000,0,1100,True
2,2_689,33,1000,0,1650,True
2,2_690,1295,1000,0,26600,True
2,2_691,237,1000,0,3700,True
2,2_692,719,1000,0,18150,True
2,2_693,243,1000,0,7600,True
2,2_694,22,1000,0,1150,True
2,2_695,26,1000,0,1550,True
2,2_696,1724,1000,0,41300,True
2,2_697,8,1000,0,1100,True
2,2_698,43,1000,0,1200,True
2,2_699,31,1000,0,1600,True
2,2_700,32,1000,0,1100,True
2,2_701,983,1000,0,25750,True
2,2_702,123,1000,0,3050,True
2,2_703,11,1000,0,1150,True
2,2_704,36,1000,0,1450,True
2,2_705,5,1000,0,1000,True
2,2_706,1604,1000,0,28550,True
2,2_707,49,1000,0,2100,True
2,2_708,16,1000,0,1350,True
2,2_709,26,1000,0,1550,True
2,2_710,75,1000,0,2350,True
2,2_711,23,1000,0,1500,True
2,2_712,12,1000,0,1300,True
2,2_713,20,1000,0,1450,True
2,2_714,6,1000,0,1050,True
2,2_715,14,1000,0,1150,True
2,2_716,201,1000,0,4900,True
2,2_717,68,1000,0,2550,True
2,2_718,29,1000,0,1700,True
2,2_719,23,1000,0,1300,True
2,2_720,21,1000,0,1400,True
2,2_721,132,1000,0,4150,True
2,2_722,23,1000,0,1150,True
2,2_723,212,1000,0,5950,True
2,2_724,9,1000,0,1200,True
2,2_725,33,1000,0,1050,True
2,2_726,67,1000,0,1750,True
2,2_727,242,1000,0,6100,True
2,2_728,86,1000,0,3050,True
2,2_729,69,1000,0,1700,True
2,2_730,8,1000,0,1100,True
2,2_731,34,1000,0,1250,True
2,2_732,28,1000,0,1550,True
2,2_733,20,1000,0,1100,True
2,2_734,65,1000,0,2950,True
2,2_735,2835,1000,0,57800,True
2,2_736,11,1000,0,1050,True
2,2_737,5,1000,0,1000,True
2,2_738,253,1000,0,6500,True
2,2_739,15,1000,0,1300,True
2,2_740,19,1000,0,1350,True
2,2_741,57,1000,0,2400,True
2,2_742,121,1000,0,4500,True
2,2_743,10,1000,0,1200,True
2,2_744,5,1000,0,1000,True
2,2_745,12,1000,0,1200,True
2,2_746,59,1000,0,2550,True
2,2_747,10,1000,0,1050,True
2,2_748,135,1000,0,3950,True
2,2_749,9,1000,0,1150,True
2,2_750,21,1000,0,1400,True
2,2_751,49,1000,0,1700,True
2,2_752,24,1000,0,1000,True
2,2_753,315,1000,0,8100,True
2,2_754,27,1000,0,1450,True
2,2_755,5,1000,0,1000,True
2,2_756,33,1000,0,1300,True
2,2_757,64,1000,0,2400,True
2,2_758,10,1000,0,1150,True
2,2_759,28,1000,0,1600,True
2,2_760,116,1000,0,3500,True
2,2_761,37,1000,0,1900,True
2,2_762,69,1000,0,2950,True
2,2_763,18,1000,0,1450,True
2,2_764,19,1000,0,1350,True
2,2_765,38,1000,0,1150,True
2,2_766,670,1000,0,15500,True
2,2_767,23,1000,0,1600,True
2,2_768,7,1000,0,1100,True
2,2_769,41,1000,0,1800,True
2,2_770,34,1000,0,1100,True
2,2_771,16,1000,0,1300,True
2,2_772,17,1000,0,1250,True
2,2_773,10,1000,0,1250,True
2,2_774,101,1000,0,2100,True
2,2_775,5,1000,0,1000,True
2,2_776,45,1000,0,1800,True
2,2_777,218,1000,0,5450,True
2,2_778,51,1000,0,2200,True
2,2_779,42,1000,0,1350,True
2,2_780,11,1000,0,1150,True
2,2_781,8,1000,0,1150,True
2,2_782,10,1000,0,1200,True
2,2_783,74,1000,0,2950,True
2,2_784,38,1000,0,1750,True
2,2_785,126,1000,0,2600,True
2,2_786,6,1000,0,1050,True
2,2_787,18,1000,0,1450,True
2,2_788,31,1000,0,1500,True
2,2_789,6,1000,0,1050,True
2,2_790,24,1000,0,1000,True
2,2_791,158,1000,0,4850,True
2,2_792,84,1000,0,2700,True
2,2_793,40,1000,0,1450,True
2,2_794,434,1000,0,8300,True
2,2_795,20,1000,0,1400,True
2,2_796,3681,1000,0,75500,True
2,2_797,11,1000,0,1150,True
2,2_798,247,1000,0,6100,True
2,2_799,58,1000,0,2400,True
2,2_800,21,1000,0,1500,True
2,2_801,7,1000,0,1050,True
2,2_802,100,1000,0,2300,True
2,2_803,44,1000,0,1800,True
2,2_804,11,1000,0,1200,True
2,2_805,18,1000,0,1350,True
2,2_806,11,1000,0,1200,True
2,2_807,334,1000,0,6550,True
2,2_808,16,1000,0,1200,True
2,2_809,7,1000,0,1050,True
2,2_810,5,1000,0,1000,True
2,2_811,20,1000,0,1400,True
2,2_812,1014,1000,0,18450,True
2,2_813,32,1000,0,1300,True
2,2_814,56,1000,0,2300,True
2,2_815,103,1000,0,2050,True
2,2_816,31,1000,0,1600,True
2,2_817,82,1000,0,2050,True
2,2_818,28,1000,0,1150,True
2,2_819,108,1000,0,2950,True
2,2_820,192,1000,0,6150,True
2,2_821,63,1000,0,2200,True
2,2_822,12,1000,0,1200,True
2,2_823,127,1000,0,3300,True
2,2_824,117,1000,0,3550,True
2,2_825,124,1000,0,3950,True
2,2_826,53,1000,0,2150,True
2,2_827,89,1000,0,3050,True
2,2_828,437,1000,0,12200,True
2,2_829,117,1000,0,3400,True
2,2_830,66,1000,0,2750,True
2,2_831,43,1000,0,2000,True
2,2_832,72,1000,0,2650,True
2,2_833,5,1000,0,1000,True
2,2_834,384,1000,0,7600,True
2,2_835,86,1000,0,2600,True
2,2_836,493,1000,0,9000,True
2,2_837,12,1000,0,1250,True
2,2_838,104,1000,0,2700,True
2,2_839,61,1000,0,2400,True
2,2_840,179,1000,0,3850,True
2,2_841,1072,1000,0,16350,True
2,2_842,5,1000,0,1000,True
2,2_843,10,1000,0,1000,True
2,2_844,11,1000,0,1200,True
2,2_845,37,1000,0,2050,True
2,2_846,501,1000,0,8350,True
2,2_847,84,1000,0,3200,True
2,2_848,327,1000,0,9100,True
2,2_849,80,1000,0,2350,True
2,2_850,23,1000,0,1050,True
2,2_851,5,1000,0,1000,True
2,2_852,261,1000,0,6800,True
2,2_853,308,1000,0,7850,True
2,2_854,77,1000,0,1700,True
2,2_855,141,1000,0,3450,True
2,2_856,62,1000,0,2600,True
2,2_857,184,1000,0,3550,True
2,2_858,22,1000,0,1550,True
2,2_859,11,1000,0,1200,True
2,2_860,57,1000,0,2400,True
2,2_861,8024,1000,0,195600,True
2,2_862,12,1000,0,1000,True
2,2_863,52,1000,0,2000,True
2,2_864,237,1000,0,4800,True
2,2_865,7,1000,0,1100,True
2,2_866,113,1000,0,2200,True
2,2_867,20,1000,0,1350,True
2,2_868,33,1000,0,1050,True
2,2_869,33,1000,0,1650,True
2,2_870,317,1000,0,8900,True
2,2_871,10,1000,0,1000,True
2,2_872,6,1000,0,1050,True
2,2_873,28,1000,0,1550,True
2,2_874,107,1000,0,3650,True
2,2_875,388,1000,0,9650,True
2,2_876,68,1000,0,2250,True
2,2_877,252,1000,0,7350,True
2,2_878,125,1000,0,1900,True
2,2_879,94,1000,0,3400,True
2,2_880,64,1000,0,2450,True
2,2_881,8,1000,0,1100,True
2,2_882,115,1000,0,3850,True
2,2_883,71,1000,0,2200,True
2,2_884,23,1000,0,1200,True
2,2_885,5,1000,0,1000,True
2,2_886,22,1000,0,1450,True
2,2_887,33,1000,0,1150,True
2,2_888,710,1000,0,19100,True
2,2_889,7,1000,0,1100,True
2,2_890,48,1000,0,2250,True
2,2_891,159,1000,0,4000,True
2,2_892,65,1000,0,1800,True
2,2_893,39,1000,0,1900,True
2,2_894,8,1000,0,1150,True
2,2_895,12,1000,0,1200,True
2,2_896,58,1000,0,2250,True
2,2_897,5,1000,0,1000,True
2,2_898,33,1000,0,1700,True
2,2_899,11,1000,0,1000,True
2,2_900,13,1000,0,1250,True
2,2_901,84,1000,0,3000,True
2,2_902,5,1000,0,1000,True
2,2_903,10,1000,0,1150,True
2,2_904,347,1000,0,4700,True
2,2_905,12,1000,0,1250,True
2,2_906,193,1000,0,2700,True
2,2_907,38,1000,0,1900,True
2,2_908,6,1000,0,1050,True
2,2_909,90625,1000,0,2199450,True
2,2_910,426,1000,0,10500,True
2,2_911,60,1000,0,2450,True
2,2_912,16,1000,0,1300,True
2,2_913,37,1000,0,1750,True
2,2_914,47,1000,0,1050,True
2,2_915,106,1000,0,3700,True
2,2_916,379,1000,0,9750,True
2,2_917,275,1000,0,4800,True
2,2_918,174,1000,0,5450,True
2,2_919,60,1000,0,2450,True
2,2_920,8,1000,0,1050,True
2,2_921,76,1000,0,2000,True
2,2_922,10,1000,0,1150,True
2,2_923,51,1000,0,2250,True
2,2_924,30,1000,0,1500,True
2,2_925,377,1000,0,9050,True
2,2_926,31,1000,0,1650,True
2,2_927,9,1000,0,1100,True
2,2_928,86,1000,0,2300,True
2,2_929,14,1000,0,1200,True
2,2_930,5,1000,0,1000,True
2,2_931,21,1000,0,1300,True
2,2_932,81,1000,0,2600,True
2,2_933,50,1000,0,2150,True
2,2_934,163,1000,0,4850,True
2,2_935,32,1000,0,1450,True
2,2_936,78,1000,0,2950,True
2,2_937,346,1000,0,6800,True
2,2_938,161,1000,0,4950,True
2,2_939,55,1000,0,2400,True
2,2_940,26,1000,0,1400,True
2,2_941,75,1000,0,2250,True
2,2_942,81,1000,0,1950,True
2,2_943,89,1000,0,2500,True
2,2_944,698,1000,0,13400,True
2,2_945,38,1000,0,1550,True
2,2_946,52,1000,0,1000,True
2,2_947,88,1000,0,2250,True
2,2_948,23,1000,0,1400,True
2,2_949,125,1000,0,1750,True
2,2_950,13,1000,0,1300,True
2,2_951,30,1000,0,1600,True
2,2_952,50,1000,0,2050,True
2,2_953,11,1000,0,1200,True
2,2_954,24,1000,0,1400,True
2,2_955,16,1000,0,1350,True
2,2_956,1709,1000,0,30500,True
2,2_957,164,1000,0,5050,True
2,2_958,90,1000,0,2500,True
2,2_959,36,1000,0,1650,True
2,2_960,19,1000,0,1350,True
2,2_961,12,1000,0,1250,True
2,2_962,6,1000,0,1050,True
2,2_963,17,1000,0,1350,True
2,2_964,8,1000,0,1100,True
2,2_965,397,1000,0,10700,True
2,2_966,67,1000,0,2600,True
2,2_967,7,1000,0,1100,True
2,2_968,54,1000,0,1650,True
2,2_969,20,1000,0,1400,True
2,2_970,32,1000,0,1800,True
2,2_971,268,1000,0,7000,True
2,2_972,5,1000,0,1000,True
2,2_973,34,1000,0,1600,True
2,2_974,196,1000,0,4600,True
2,2_975,46,1000,0,1450,True
2,2_976,120,1000,0,3250,True
2,2_977,515,1000,0,13400,True
2,2_978,106,1000,0,2500,True
2,2_979,22,1000,0,1550,True
2,2_980,13,1000,0,1250,True
2,2_981,160,1000,0,3900,True
2,2_982,5,1000,0,1000,True
2,2_983,10,1000,0,1200,True
2,2_984,17,1000,0,1300,True
2,2_985,29,1000,0,1250,True
2,2_986,25,1000,0,1500,True
2,2_987,100,1000,0,3100,True
2,2_988,106,1000,0,2350,True
2,2_989,349,1000,0,8500,True
2,2_990,24,1000,0,1450,True
2,2_991,48,1000,0,2050,True
2,2_992,80,1000,0,2250,True
2,2_993,46,1000,0,1750,True
2,2_994,40,1000,0,1050,True
2,2_995,279,1000,0,7600,True
2,2_996,367,1000,0,9650,True
2,2_997,65,1000,0,1900,True
2,2_998,30,1000,0,1750,True
2,2_999,56,1000,0,2450,True
2,2_1000,54,1000,0,2250,True
